"X","CX","CY","IMS_SWISSCOORDINATE_X","IMS_SWISSCOORDINATE_Y","GUILD","CNHA","BIOIDX","BIOIDX_TX","BIOIDX_TXG","iflor","Category"
621,487950,112250,487963,112208,3,48791122,12,12.6814007628471,6.34070038142353,1.4,"Wertvoll"
1259,488950,112950,488908,112984,3,48891129,9,9.82722692087475,9.82722692087475,0.8,"Sehr wertvoll"
1322,489050,112850,489048,112801,3,48901128,14,14.4136134604374,7.20680673021869,1.2,"Wertvoll"
1364,489150,112750,489146,112763,3,48911127,4,4.41361346043737,4.41361346043737,0.4,"Wertvoll"
1470,489250,117050,489292,117070,3,48921170,4,4.36248518520714,4.36248518520714,0.4,"Wertvoll"
1819,490250,111250,490233,111263,3,49021112,16,17.1356679380784,5.71188931269281,1.8,"Wertvoll"
1830,490250,111350,490265,111375,3,49021113,50,52.7256030513882,13.1814007628471,5.6,"Sehr wertvoll"
1854,490250,111550,490285,111599,3,49021115,24,24.6814007628471,12.3407003814235,3,"Sehr wertvoll"
1899,490350,111350,490387,111353,3,49031113,17,18.1356679380784,9.06783396903922,1.8,"Sehr wertvoll"
1912,490350,111450,490360,111485,3,49031114,18,18.6814007628471,9.34070038142353,2.2,"Sehr wertvoll"
1925,490350,111550,490360,111510,3,49031115,28,29.1356679380784,9.71188931269281,3.4,"Sehr wertvoll"
2015,490450,111250,490492,111290,3,49041112,8,8.22713358761569,8.22713358761569,1,"Wertvoll"
2016,490450,111350,490400,111350,3,49041113,8,8.22713358761569,8.22713358761569,1,"Wertvoll"
2022,490450,111450,490471,111453,3,49041114,10,10.4542671752314,5.22713358761569,1.2,"Wertvoll"
2024,490450,111550,490400,111500,3,49041115,14,14.4542671752314,7.22713358761569,2,"Wertvoll"
2042,490450,112550,490452,112547,3,49041125,10,10.2271335876157,10.2271335876157,1,"Sehr wertvoll"
2143,490550,111150,490529,111108,3,49051111,12,13.3628015256941,6.68140076284706,1.2,"Wertvoll"
2156,490550,111350,490519,111379,3,49051113,8,8.22713358761569,8.22713358761569,1,"Wertvoll"
2157,490550,111450,490501,111403,3,49051114,8,8.22713358761569,8.22713358761569,1,"Wertvoll"
2159,490550,111550,490580,111509,3,49051115,18,18.4542671752314,9.22713358761569,2,"Sehr wertvoll"
2183,490550,111650,490537,111661,3,49051116,28,28.6814007628471,14.3407003814235,3,"Sehr wertvoll"
2199,490550,111750,490548,111741,3,49051117,8,8.22713358761569,8.22713358761569,1,"Wertvoll"
2208,490550,112650,490549,112643,3,49051126,10,10.2271335876157,10.2271335876157,1,"Sehr wertvoll"
2236,490650,111550,490600,111595,3,49061115,8,8.22713358761569,8.22713358761569,1,"Wertvoll"
2244,490650,111650,490624,111603,3,49061116,18,18.4542671752314,9.22713358761569,2,"Sehr wertvoll"
2265,490650,111750,490654,111706,3,49061117,34,34.9085343504627,17.4542671752314,4,"Sehr wertvoll"
2417,490750,111550,490791,111500,3,49071115,8,8.22713358761569,8.22713358761569,1,"Wertvoll"
2420,490750,111650,490748,111644,3,49071116,10,10.2271335876157,10.2271335876157,1,"Sehr wertvoll"
2421,490750,111750,490752,111748,3,49071117,10,10.2271335876157,10.2271335876157,1,"Sehr wertvoll"
2430,490750,112450,490708,112411,3,49071124,8,8.22713358761569,8.22713358761569,1,"Wertvoll"
2431,490750,112550,490738,112503,3,49071125,12,12.4542671752314,6.22713358761569,1.2,"Wertvoll"
2433,490750,112650,490703,112659,3,49071126,4,4.40054661311214,4.40054661311214,0.4,"Wertvoll"
2702,490850,111250,490836,111251,3,49081112,18,18.4542671752314,9.22713358761569,2,"Sehr wertvoll"
2704,490850,111350,490894,111361,3,49081113,24,24.6814007628471,12.3407003814235,3,"Sehr wertvoll"
2708,490850,111450,490889,111469,3,49081114,14,14.4542671752314,7.22713358761569,2,"Wertvoll"
2715,490850,111550,490830,111555,3,49081115,20,20.6814007628471,6.89380025428235,2.2,"Wertvoll"
2951,490950,111350,490929,111389,3,49091113,24,24.6814007628471,12.3407003814235,3,"Sehr wertvoll"
2964,490950,111650,490986,111616,3,49091116,6,6.45426717523137,6.45426717523137,0.4,"Wertvoll"
2974,490950,113350,490955,113355,3,49091133,10,10.4005466131121,5.20027330655607,1.2,"Wertvoll"
3028,491050,111350,491088,111384,3,49101113,8,8.22713358761569,8.22713358761569,1,"Wertvoll"
3034,491050,111450,491027,111485,3,49101114,8,8.22713358761569,8.22713358761569,1,"Wertvoll"
3038,491050,111550,491072,111522,3,49101115,8,8.22713358761569,8.22713358761569,1,"Wertvoll"
3039,491050,111650,491071,111692,3,49101116,8,8.22713358761569,8.22713358761569,1,"Wertvoll"
3040,491050,111750,491054,111750,3,49101117,6,6.22713358761569,6.22713358761569,1,"Wertvoll"
3065,491050,113250,491010,113298,3,49101132,8,8.20027330655607,8.20027330655607,1,"Wertvoll"
3066,491050,113350,491015,113395,3,49101133,12,12.4005466131121,6.20027330655607,1.2,"Wertvoll"
3131,491150,111150,491183,111190,3,49111111,8,8.22713358761569,8.22713358761569,1,"Wertvoll"
3132,491150,111250,491156,111250,3,49111112,10,10.2271335876157,10.2271335876157,1,"Sehr wertvoll"
3133,491150,111350,491122,111369,3,49111113,12,12.4542671752314,6.22713358761569,1.2,"Wertvoll"
3136,491150,111450,491182,111417,3,49111114,8,8.22713358761569,8.22713358761569,1,"Wertvoll"
3142,491150,111650,491176,111618,3,49111116,8,8.22713358761569,8.22713358761569,1,"Wertvoll"
3227,491250,111450,491206,111456,3,49121114,8,8.22713358761569,8.22713358761569,1,"Wertvoll"
3231,491250,111650,491257,111673,3,49121116,34,34.9085343504627,17.4542671752314,4,"Sehr wertvoll"
3241,491250,111850,491286,111810,3,49121118,4,4.45426717523137,4.45426717523137,0.4,"Wertvoll"
3298,491350,111450,491351,111428,3,49131114,18,18.4542671752314,9.22713358761569,2,"Sehr wertvoll"
3431,491450,111350,491425,111367,3,49141113,8,8.22713358761569,8.22713358761569,1,"Wertvoll"
3439,491450,111650,491466,111692,3,49141116,18,18.4542671752314,9.22713358761569,2,"Sehr wertvoll"
3492,491650,114550,491695,114545,3,49161145,4,4.40054661311214,4.40054661311214,0.4,"Wertvoll"
3519,491750,114650,491700,114600,3,49171146,10,10.4005466131121,5.20027330655607,1.2,"Wertvoll"
3525,491750,114750,491742,114765,3,49171147,10,10.4005466131121,5.20027330655607,1.2,"Wertvoll"
3529,491750,114850,491729,114848,3,49171148,8,8.20027330655607,8.20027330655607,1,"Wertvoll"
3899,492750,117350,492746,117346,3,49271173,10,10.2002733065561,10.2002733065561,1,"Sehr wertvoll"
3900,492750,117550,492703,117508,3,49271175,18,18.4005466131121,9.20027330655607,2,"Sehr wertvoll"
4005,493150,117550,493163,117533,3,49311175,6,6.60081991966821,6.60081991966821,0.6,"Wertvoll"
4027,493250,117650,493254,117652,3,49321176,10,10.2002733065561,10.2002733065561,1,"Sehr wertvoll"
4073,493350,117750,493305,117732,3,49331177,20,20.6008199196682,6.86693997322273,2.2,"Wertvoll"
4099,493450,117650,493450,117651,3,49341176,10,10.2002733065561,10.2002733065561,1,"Sehr wertvoll"
4215,494150,119350,494140,119314,3,49411193,8,8.20027330655607,8.20027330655607,1,"Wertvoll"
4216,494150,119450,494130,119462,3,49411194,8,8.20027330655607,8.20027330655607,1,"Wertvoll"
4306,494450,119550,494420,119585,3,49441195,8,8.20027330655607,8.20027330655607,1,"Wertvoll"
4307,494450,119650,494466,119632,3,49441196,8,8.20027330655607,8.20027330655607,1,"Wertvoll"
4918,496450,111450,496437,111461,3,49641114,6,6.71834395005147,6.71834395005147,0.6,"Wertvoll"
4946,496550,111250,496513,111216,3,49651112,16,16.478895966701,16.478895966701,2,"Sehr wertvoll"
4950,496550,111350,496574,111357,3,49651113,16,16.478895966701,16.478895966701,2,"Sehr wertvoll"
4964,496650,111250,496650,111202,3,49661112,16,16.478895966701,16.478895966701,2,"Sehr wertvoll"
4967,496650,111350,496675,111340,3,49661113,16,16.478895966701,16.478895966701,2,"Sehr wertvoll"
7854,504150,159150,504139,159174,3,50411591,10,11.1459680762239,11.1459680762239,1,"Sehr wertvoll"
8664,507050,142550,507030,142538,3,50701425,12,13.4659781986541,13.4659781986541,1.2,"Sehr wertvoll"
9534,508750,140750,508713,140704,3,50871407,12,13.2216484988784,13.2216484988784,1,"Sehr wertvoll"
9701,509350,141150,509337,141168,3,50931411,6,6.69855417990918,6.69855417990918,0.6,"Wertvoll"
11283,513950,152650,513929,152673,3,51391526,8,8.22477491660502,8.22477491660502,1,"Wertvoll"
11308,514050,152450,514071,152464,3,51401524,10,10.44954983321,5.22477491660502,1.2,"Wertvoll"
11311,514050,152550,514096,152505,3,51401525,28,29.1238745830251,14.5619372915125,3.4,"Sehr wertvoll"
11334,514050,152650,514009,152665,3,51401526,20,20.8990996664201,10.44954983321,2.4,"Sehr wertvoll"
11379,514150,152450,514170,152430,3,51411524,18,18.674324749815,9.33716237490752,2.2,"Sehr wertvoll"
11455,514250,156150,514269,156114,3,51421561,8,8.22477491660502,8.22477491660502,1,"Wertvoll"
11491,514350,156350,514390,156390,3,51431563,8,8.22477491660502,8.22477491660502,1,"Wertvoll"
11492,514350,156450,514331,156463,3,51431564,9,9.89909966642007,9.89909966642007,0.8,"Sehr wertvoll"
11537,514550,156350,514564,156389,3,51451563,24,24.674324749815,24.674324749815,3,"Sehr wertvoll"
12254,517450,154250,517491,154263,3,51741542,22,22.674324749815,11.3371623749075,3,"Sehr wertvoll"
12290,517550,154250,517563,154223,3,51751542,24,24.6746898526137,24.6746898526137,3,"Sehr wertvoll"
12297,517550,154350,517545,154372,3,51751543,30,31.3493797052274,15.6746898526137,3.6,"Sehr wertvoll"
12360,517650,154150,517674,154199,3,51761541,33,34.5742763227653,8.64356908069134,3.8,"Sehr wertvoll"
12374,517650,154250,517678,154220,3,51761542,28,29.1244830876895,9.70816102922984,3.4,"Sehr wertvoll"
12872,519350,174550,519390,174540,3,51931745,4,4.45869778515108,4.45869778515108,0.4,"Wertvoll"
12892,519450,174550,519480,174500,3,51941745,8,8.91739557030215,8.91739557030215,0.8,"Sehr wertvoll"
13476,521450,156050,521467,156072,3,52141560,8,8.27054213731074,8.27054213731074,1,"Wertvoll"
13498,521550,156050,521516,156019,3,52151560,8,8.27054213731074,8.27054213731074,1,"Wertvoll"
14381,525250,175150,525207,175153,3,52521751,4,4.45803162213718,4.45803162213718,0.4,"Wertvoll"
14908,526250,149850,526265,149842,3,52621498,6,6.67468985261372,6.67468985261372,0.6,"Wertvoll"
14959,526350,149750,526392,149761,3,52631497,4,4.44979323507581,4.44979323507581,0.4,"Wertvoll"
14962,526350,149850,526319,149815,3,52631498,8,8.89958647015163,8.89958647015163,0.8,"Sehr wertvoll"
15176,526750,162450,526758,162442,3,52671624,8,8.21393538550999,8.21393538550999,1,"Wertvoll"
15178,526750,162650,526794,162663,3,52671626,7,7.64180615652998,7.64180615652998,0.6,"Wertvoll"
15215,526850,162550,526878,162550,3,52681625,24,24.85574154204,8.28524718067999,3.2,"Wertvoll"
15223,526850,162650,526860,162600,3,52681626,18,18.64180615653,9.32090307826499,2.2,"Sehr wertvoll"
15242,526850,177150,526856,177150,3,52681771,16,16.5151493281042,16.5151493281042,2,"Sehr wertvoll"
15297,526950,177250,526955,177246,3,52691772,16,16.5151493281042,16.5151493281042,2,"Sehr wertvoll"
15348,527050,177950,527033,177952,3,52701779,8,8.76311558137455,8.76311558137455,0.8,"Sehr wertvoll"
15352,527050,178050,527000,178000,3,52701780,4,4.38155779068728,4.38155779068728,0.4,"Wertvoll"
15482,527350,164550,527309,164570,3,52731645,7,7.80793598846851,7.80793598846851,0.6,"Wertvoll"
15485,527350,164650,527397,164699,3,52731646,8,8.53862399231234,4.26931199615617,1.2,"Wertvoll"
15489,527350,165250,527302,165261,3,52731652,8,8.26931199615617,8.26931199615617,1,"Wertvoll"
15518,527450,164550,527449,164543,3,52741645,6,6.21393538550999,6.21393538550999,1,"Wertvoll"
15519,527450,164650,527429,164606,3,52741646,8,8.53862399231234,4.26931199615617,1.2,"Wertvoll"
15521,527450,164750,527408,164705,3,52741647,14,15.0772479846247,7.53862399231234,1.6,"Wertvoll"
15746,528050,168250,528038,168228,3,52801682,6,6.64180615652998,6.64180615652998,0.6,"Wertvoll"
15819,528250,167950,528250,167962,3,52821679,10,11.06967692755,11.06967692755,1,"Sehr wertvoll"
15882,528350,156250,528356,156281,3,52831562,10,10.457571655978,5.22878582798899,1.2,"Wertvoll"
15927,528450,172350,528486,172354,3,52841723,4,4.45803162213718,4.45803162213718,0.4,"Wertvoll"
15943,528450,177450,528489,177443,3,52841774,8,8.19077889534364,8.19077889534364,1,"Wertvoll"
15994,528550,177250,528550,177246,3,52851772,10,10.2575746640521,10.2575746640521,1,"Sehr wertvoll"
15995,528550,177350,528550,177330,3,52851773,22,22.9538944767182,7.65129815890606,2.6,"Wertvoll"
16067,528550,177450,528519,177459,3,52851774,16,16.3815577906873,16.3815577906873,2,"Sehr wertvoll"
16682,529950,183050,529900,183075,3,52991830,11,11.4486740825723,5.72433704128614,1.2,"Wertvoll"
16988,530750,167650,530742,167682,3,53071676,8,8.21393538550999,8.21393538550999,1,"Wertvoll"
17320,531250,167350,531200,167310,3,53121673,8,8.21393538550999,8.21393538550999,1,"Wertvoll"
17772,532250,166650,532237,166602,3,53221666,4,4.42787077101999,4.42787077101999,0.4,"Wertvoll"
17825,532350,166450,532369,166433,3,53231664,8,8.21393538550999,8.21393538550999,1,"Wertvoll"
17826,532350,166550,532320,166570,3,53231665,16,16.42787077102,16.42787077102,2,"Sehr wertvoll"
17834,532350,166650,532324,166626,3,53231666,6,6.64180615652998,6.64180615652998,0.6,"Wertvoll"
17887,532450,166550,532464,166518,3,53241665,8,8.21393538550999,8.21393538550999,1,"Wertvoll"
18548,534050,163150,534047,163139,3,53401631,4,4.42787077101999,4.42787077101999,0.4,"Wertvoll"
18626,534250,195450,534266,195450,3,53421954,4,4.5144507539745,4.5144507539745,0.4,"Wertvoll"
18728,534650,155850,534639,155884,3,53461558,16,16.4145132360978,16.4145132360978,2,"Sehr wertvoll"
18733,534650,155950,534643,155960,3,53461559,4,4.60979546038454,4.60979546038454,0.4,"Wertvoll"
18781,534750,157050,534792,157096,3,53471570,8,8.30489773019227,8.30489773019227,1,"Wertvoll"
18782,534750,157150,534765,157175,3,53471571,13,13.9146931905768,6.9573465952884,1.4,"Wertvoll"
18785,534750,157250,534794,157269,3,53471572,28,29.5244886509613,14.7622443254807,3.4,"Sehr wertvoll"
18880,534850,157050,534824,157088,3,53481570,8,8.30489773019227,8.30489773019227,1,"Wertvoll"
18882,534850,157150,534807,157182,3,53481571,4,4.60979546038454,4.60979546038454,0.4,"Wertvoll"
18971,534950,157050,534900,157038,3,53491570,8,9.21959092076908,9.21959092076908,0.8,"Sehr wertvoll"
18976,534950,157250,534923,157275,3,53491572,12,12.9146931905768,6.4573465952884,1.4,"Wertvoll"
19013,535050,156950,535060,156973,3,53501569,4,4.60979546038454,4.60979546038454,0.4,"Wertvoll"
19862,537150,181050,537110,181044,3,53711810,8,8.25757466405208,8.25757466405208,1,"Wertvoll"
20120,537450,183150,537450,183178,3,53741831,5,5.44922512786171,5.44922512786171,0.4,"Wertvoll"
21770,541750,186450,541749,186452,3,54171864,10,10.2246125639309,10.2246125639309,1,"Sehr wertvoll"
22796,543850,154350,543830,154331,3,54381543,8,8.20725661804892,8.20725661804892,1,"Wertvoll"
22799,543850,168550,543850,168586,3,54381685,8,8.24149332259966,8.24149332259966,1,"Wertvoll"
22801,543850,168650,543880,168665,3,54381686,16,16.4829866451993,16.4829866451993,2,"Sehr wertvoll"
22805,543850,168750,543880,168700,3,54381687,8,8.24149332259966,8.24149332259966,1,"Wertvoll"
23072,544350,176450,544356,176443,3,54431764,6,6.23584766737841,6.23584766737841,1,"Wertvoll"
26481,554350,201050,554320,201070,3,55432010,20,20.9115387923121,6.9705129307707,2.4,"Wertvoll"
26562,554450,200950,554493,200999,3,55442009,16,16.455769396156,16.455769396156,2,"Sehr wertvoll"
26837,554950,185150,554906,185169,3,55491851,8,8.26934573930616,8.26934573930616,1,"Wertvoll"
26838,554950,185250,554932,185256,3,55491852,8,8.26934573930616,8.26934573930616,1,"Wertvoll"
27185,555350,205850,555300,205850,3,55532058,8,8.26162298780313,8.26162298780313,1,"Wertvoll"
27187,555350,205950,555300,205900,3,55532059,8,8.26162298780313,8.26162298780313,1,"Wertvoll"
27267,555450,205850,555480,205878,3,55542058,8,8.26162298780313,8.26162298780313,1,"Wertvoll"
27382,555750,204550,555775,204599,3,55572045,8,8.19715193555371,8.19715193555371,1,"Wertvoll"
27480,556150,205750,556135,205710,3,55612057,8,8.26162298780313,8.26162298780313,1,"Wertvoll"
27484,556150,205850,556111,205835,3,55612058,8,8.26162298780313,8.26162298780313,1,"Wertvoll"
27509,556250,205950,556200,205900,3,55622059,8,8.26162298780313,8.26162298780313,1,"Wertvoll"
27536,556350,205950,556323,205923,3,55632059,8,8.26162298780313,8.26162298780313,1,"Wertvoll"
27584,556450,205950,556470,205934,3,55642059,8,8.26162298780313,8.26162298780313,1,"Wertvoll"
27607,556550,205950,556572,205978,3,55652059,8,8.26162298780313,8.26162298780313,1,"Wertvoll"
27690,556750,206250,556769,206231,3,55672062,14,14.5232459756063,7.26162298780313,2,"Wertvoll"
27735,556850,207250,556895,207245,3,55682072,8,8.26162298780313,8.26162298780313,1,"Wertvoll"
27796,556950,207250,556915,207234,3,55692072,10,10.5232459756063,5.26162298780313,1.2,"Wertvoll"
27945,557050,207150,557075,207150,3,55702071,10,10.5232459756063,5.26162298780313,1.2,"Wertvoll"
27949,557050,207250,557000,207200,3,55702072,8,8.26162298780313,8.26162298780313,1,"Wertvoll"
28202,557250,179550,557289,179545,3,55721795,8,9.15774293591744,9.15774293591744,0.8,"Sehr wertvoll"
28207,557250,179850,557256,179839,3,55721798,6,6.86830720193808,6.86830720193808,0.6,"Wertvoll"
28368,557350,179550,557338,179524,3,55731795,4,4.60786302898206,4.60786302898206,0.4,"Wertvoll"
28370,557350,179750,557337,179718,3,55731797,10,10.5788714679587,5.28943573397936,1.2,"Wertvoll"
28373,557350,179850,557376,179808,3,55731798,4,4.57887146795872,4.57887146795872,0.4,"Wertvoll"
28472,557450,179650,557471,179687,3,55741796,8,8.28943573397936,8.28943573397936,1,"Wertvoll"
28475,557450,181950,557453,181952,3,55741819,10,10.2894357339794,10.2894357339794,1,"Sehr wertvoll"
28660,557650,181850,557682,181892,3,55761818,8,8.28943573397936,8.28943573397936,1,"Wertvoll"
28740,557750,181850,557737,181831,3,55771818,8,8.28943573397936,8.28943573397936,1,"Wertvoll"
28742,557750,181950,557707,181938,3,55771819,8,8.28943573397936,8.28943573397936,1,"Wertvoll"
28743,557750,182050,557765,182092,3,55771820,12,12.8683072019381,6.43415360096904,1.4,"Wertvoll"
29897,560050,138250,560025,138226,3,56001382,20,21.4209282888841,7.14030942962804,2,"Wertvoll"
30671,561250,134650,561264,134601,3,56121346,13,13.7497671530581,6.87488357652903,1.4,"Wertvoll"
30676,561250,134750,561228,134722,3,56121347,8,8.24992238435269,8.24992238435269,1,"Wertvoll"
30701,561350,122850,561350,122840,3,56131228,14,15.1461506505543,5.04871688351811,1.6,"Wertvoll"
31011,561750,128250,561726,128281,3,56171282,13,13.4136147202315,6.70680736011577,1.2,"Wertvoll"
31013,561750,128350,561747,128310,3,56171283,15,15.6204220803473,7.81021104017365,1.4,"Wertvoll"
31079,561850,128150,561855,128142,3,56181281,10,10.2068073601158,10.2068073601158,1,"Sehr wertvoll"
31080,561850,128250,561890,128240,3,56181282,14,14.6204220803473,7.31021104017365,1.4,"Wertvoll"
31157,561950,128150,561953,128150,3,56191281,10,10.2068073601158,10.2068073601158,1,"Sehr wertvoll"
31159,561950,128350,561900,128325,3,56191283,12,12.4136147202315,6.20680736011577,1.2,"Wertvoll"
31209,562050,128150,562049,128147,3,56201281,10,10.2068073601158,10.2068073601158,1,"Sehr wertvoll"
31210,562050,128250,562097,128239,3,56201282,5,5.41361472023153,5.41361472023153,0.4,"Wertvoll"
31212,562050,128350,562074,128333,3,56201283,21,22.2408441606946,11.1204220803473,2,"Sehr wertvoll"
31260,562150,128250,562118,128271,3,56211282,12,13.0340368005788,13.0340368005788,1,"Sehr wertvoll"
31272,562150,128350,562103,128316,3,56211283,18,19.0340368005788,9.51701840028941,1.8,"Sehr wertvoll"
31277,562150,128450,562150,128439,3,56211284,10,10.2068073601158,10.2068073601158,1,"Sehr wertvoll"
31492,562350,192650,562345,192674,3,56231926,5,5.53048388650728,5.53048388650728,0.4,"Wertvoll"
31702,562450,192750,562414,192783,3,56241927,12,12.7957258297609,6.39786291488046,1.4,"Wertvoll"
32190,563150,235250,563130,235239,3,56312352,4,4.58590346514273,4.58590346514273,0.4,"Wertvoll"
32664,563950,126250,563962,126265,3,56391262,10,10.4136147202315,5.20680736011577,1.2,"Wertvoll"
34635,566250,210150,566200,210100,3,56622101,8,8.19715193555371,8.19715193555371,1,"Wertvoll"
34636,566250,210250,566272,210298,3,56622102,8,8.19715193555371,8.19715193555371,1,"Wertvoll"
34691,566350,210250,566398,210210,3,56632102,8,8.19715193555371,8.19715193555371,1,"Wertvoll"
34751,566450,210450,566408,210415,3,56642104,8,8.19715193555371,8.19715193555371,1,"Wertvoll"
35012,566850,223550,566887,223588,3,56682235,4,4.49422728869552,4.49422728869552,0.4,"Wertvoll"
35357,567350,209850,567380,209840,3,56732098,8,8.23375908726007,8.23375908726007,1,"Wertvoll"
36058,568750,176050,568763,176059,3,56871760,8,8.31244226155267,8.31244226155267,1,"Wertvoll"
36101,568850,176050,568826,176074,3,56881760,8,8.31244226155267,8.31244226155267,1,"Wertvoll"
36257,569050,174850,569057,174855,3,56901748,10,10.3124422615527,10.3124422615527,1,"Sehr wertvoll"
37419,570050,175250,570051,175244,3,57001752,10,10.3124422615527,10.3124422615527,1,"Sehr wertvoll"
37420,570050,175350,570090,175351,3,57001753,24,24.937326784658,12.468663392329,3,"Sehr wertvoll"
37610,570150,175350,570105,175377,3,57011753,24,24.9154413735194,12.4577206867597,3,"Sehr wertvoll"
37613,570150,175450,570163,175412,3,57011754,26,26.9154413735194,13.4577206867597,3,"Sehr wertvoll"
38679,570750,109050,570788,109049,3,57071090,17,19.0509396260289,19.0509396260289,1.6,"Sehr wertvoll"
39172,571150,189650,571100,189600,3,57111896,8,8.29288500205916,8.29288500205916,1,"Wertvoll"
39177,571150,189750,571100,189700,3,57111897,8,8.29288500205916,8.29288500205916,1,"Wertvoll"
40289,572250,155650,572220,155603,3,57221556,8,8.28224897195369,8.28224897195369,1,"Wertvoll"
40471,572450,154650,572478,154688,3,57241546,8,8.26253441806484,8.26253441806484,1,"Wertvoll"
40961,573150,175450,573120,175450,3,57311754,8,8.31244226155267,8.31244226155267,1,"Wertvoll"
41044,573350,175550,573300,175500,3,57331755,24,24.9081906800466,24.9081906800466,3,"Sehr wertvoll"
41048,573350,175650,573300,175600,3,57331756,18,18.6054604533644,9.30273022668219,2,"Sehr wertvoll"
41051,573350,175750,573350,175700,3,57331757,26,26.9081906800466,13.4540953400233,3,"Sehr wertvoll"
41079,573350,213150,573394,213124,3,57332131,14,15.7663427667994,7.88317138339971,1.4,"Wertvoll"
41122,573450,175450,573433,175487,3,57341754,16,16.6248845231053,16.6248845231053,2,"Sehr wertvoll"
41124,573450,175550,573437,175509,3,57341755,8,8.30273022668219,8.30273022668219,1,"Wertvoll"
41126,573450,175650,573400,175600,3,57341756,26,26.9081906800466,13.4540953400233,3,"Sehr wertvoll"
41129,573450,175750,573460,175750,3,57341757,16,16.6054604533644,16.6054604533644,2,"Sehr wertvoll"
41286,573650,177650,573625,177625,3,57361776,5,5.60546045336437,5.60546045336437,0.4,"Wertvoll"
41343,573750,177650,573700,177650,3,57371776,24,24.9081906800466,24.9081906800466,3,"Sehr wertvoll"
41442,573850,177650,573875,177625,3,57381776,21,22.2109209067287,11.1054604533644,2.4,"Sehr wertvoll"
41700,574250,192250,574210,192240,3,57421922,8,8.29288500205916,8.29288500205916,1,"Wertvoll"
41701,574250,192350,574247,192335,3,57421923,16,16.5857700041183,16.5857700041183,2,"Sehr wertvoll"
41754,574350,192350,574300,192300,3,57431923,8,8.29288500205916,8.29288500205916,1,"Wertvoll"
41796,574450,164850,574430,164898,3,57441648,8,8.2833416481794,8.2833416481794,1,"Wertvoll"
41797,574450,164950,574420,164940,3,57441649,8,8.2833416481794,8.2833416481794,1,"Wertvoll"
41810,574450,192350,574493,192374,3,57441923,16,16.5857700041183,16.5857700041183,2,"Sehr wertvoll"
42226,575050,177150,575010,177160,3,57501771,8,8.30273022668219,8.30273022668219,1,"Wertvoll"
42543,575250,180950,575250,180900,3,57521809,8,8.30273022668219,8.30273022668219,1,"Wertvoll"
43041,575850,179150,575851,179194,3,57581791,18,18.9081906800466,9.45409534002328,2.2,"Sehr wertvoll"
43075,575850,179350,575845,179300,3,57581793,16,16.6054604533644,16.6054604533644,2,"Sehr wertvoll"
43079,575850,179450,575840,179450,3,57581794,24,24.9081906800466,24.9081906800466,3,"Sehr wertvoll"
43207,575950,170950,575956,170947,3,57591709,8,8.2833416481794,8.2833416481794,1,"Wertvoll"
43212,575950,179450,575900,179400,3,57591794,24,24.9081906800466,24.9081906800466,3,"Sehr wertvoll"
43350,576050,170950,576030,170950,3,57601709,8,8.2833416481794,8.2833416481794,1,"Wertvoll"
43594,576450,181050,576480,181063,3,57641810,8,8.25605941423895,8.25605941423895,1,"Wertvoll"
43605,576450,205350,576448,205351,3,57642053,10,10.505113165701,5.2525565828505,1.2,"Wertvoll"
43686,576550,181050,576545,181067,3,57651810,16,16.5121188284779,16.5121188284779,2,"Sehr wertvoll"
43728,576550,205350,576518,205363,3,57652053,10,10.505113165701,5.2525565828505,1.2,"Wertvoll"
43732,576550,205450,576548,205406,3,57652054,18,18.505113165701,9.2525565828505,2,"Sehr wertvoll"
43823,576650,181050,576601,181044,3,57661810,16,16.5121188284779,16.5121188284779,2,"Sehr wertvoll"
43856,576650,205350,576600,205350,3,57662053,16,16.505113165701,16.505113165701,2,"Sehr wertvoll"
45225,578350,185950,578383,185941,3,57831859,8,8.25605941423895,8.25605941423895,1,"Wertvoll"
46189,579350,186450,579300,186410,3,57931864,16,16.5121188284779,16.5121188284779,2,"Sehr wertvoll"
46461,579550,206950,579586,206971,3,57952069,8,8.2525565828505,8.2525565828505,1,"Wertvoll"
46512,579650,109050,579666,109049,3,57961090,4,4.5233284471519,4.5233284471519,0.4,"Wertvoll"
46546,579650,206950,579600,206900,3,57962069,16,16.505113165701,16.505113165701,2,"Sehr wertvoll"
46559,579650,207050,579632,207001,3,57962070,16,16.505113165701,16.505113165701,2,"Sehr wertvoll"
46625,579750,206950,579704,206995,3,57972069,16,16.505113165701,16.505113165701,2,"Sehr wertvoll"
46701,579850,206950,579830,206920,3,57982069,16,16.505113165701,16.505113165701,2,"Sehr wertvoll"
46812,579950,206950,579900,206980,3,57992069,8,8.2525565828505,8.2525565828505,1,"Wertvoll"
46903,580050,208750,580090,208780,3,58002087,26,26.8995699377377,13.4497849688688,3,"Sehr wertvoll"
46918,580050,208850,580054,208850,3,58002088,16,16.5997132918251,16.5997132918251,2,"Sehr wertvoll"
46986,580150,208750,580113,208786,3,58012087,16,16.5997132918251,16.5997132918251,2,"Sehr wertvoll"
46990,580150,208850,580188,208805,3,58012088,24,24.8995699377377,12.4497849688688,3,"Sehr wertvoll"
47112,580250,208950,580252,208949,3,58022089,6,6.29985664591256,6.29985664591256,1,"Wertvoll"
47501,580950,249750,580983,249763,3,58092497,4,4.48562311983041,4.48562311983041,0.4,"Wertvoll"
47957,581850,194850,581844,194898,3,58181948,8,8.33526737115431,8.33526737115431,1,"Sehr wertvoll"
48789,583550,181950,583500,181900,3,58351819,8,8.33317691224777,8.33317691224777,1,"Sehr wertvoll"
49039,584150,246650,584172,246648,3,58412466,4,4.37498047977705,4.37498047977705,0.4,"Wertvoll"
49469,585250,117550,585241,117593,3,58521175,4,4.45178757115089,4.45178757115089,0.4,"Wertvoll"
49968,586050,118750,586078,118770,3,58601187,6,6.67768135672633,6.67768135672633,0.6,"Wertvoll"
50048,586150,118850,586180,118874,3,58611188,4,4.45178757115089,4.45178757115089,0.4,"Wertvoll"
50104,586250,118650,586286,118682,3,58621186,8,8.90357514230178,8.90357514230178,0.8,"Sehr wertvoll"
50765,587750,233650,587780,233670,3,58772336,8,8.23836466217804,8.23836466217804,1,"Wertvoll"
50766,587750,233750,587752,233741,3,58772337,16,16.4767293243561,16.4767293243561,2,"Sehr wertvoll"
50868,587850,233750,587805,233735,3,58782337,16,16.4767293243561,16.4767293243561,2,"Sehr wertvoll"
51105,588650,225650,588617,225658,3,58862256,8,8.26377256603332,8.26377256603332,1,"Wertvoll"
51128,588750,197150,588789,197135,3,58871971,4,4.54517303260782,4.54517303260782,0.4,"Wertvoll"
51356,589250,217650,589248,217687,3,58922176,8,8.39365304486843,8.39365304486843,1,"Sehr wertvoll"
51722,589950,214550,589927,214596,3,58992145,8,8.33835903407624,8.33835903407624,1,"Sehr wertvoll"
51858,590250,184150,590265,184180,3,59021841,8,8.35937254693259,8.35937254693259,1,"Sehr wertvoll"
51910,590350,214650,590335,214670,3,59032146,8,8.33835903407624,8.33835903407624,1,"Sehr wertvoll"
51913,590350,214750,590320,214700,3,59032147,16,16.6767180681525,16.6767180681525,2,"Sehr wertvoll"
51966,590450,214750,590400,214750,3,59042147,16,16.6767180681525,16.6767180681525,2,"Sehr wertvoll"
51975,590450,214850,590450,214880,3,59042148,16,16.6767180681525,16.6767180681525,2,"Sehr wertvoll"
52045,590550,214850,590500,214830,3,59052148,8,8.33835903407624,8.33835903407624,1,"Sehr wertvoll"
52047,590550,215050,590500,215000,3,59052150,16,16.6767180681525,16.6767180681525,2,"Sehr wertvoll"
52051,590550,215250,590500,215200,3,59052152,16,16.6767180681525,16.6767180681525,2,"Sehr wertvoll"
52095,590650,214950,590600,214940,3,59062149,16,16.6767180681525,16.6767180681525,2,"Sehr wertvoll"
52124,590650,215050,590660,215000,3,59062150,8,8.33835903407624,8.33835903407624,1,"Sehr wertvoll"
52127,590650,215150,590600,215100,3,59062151,8,8.33835903407624,8.33835903407624,1,"Sehr wertvoll"
52227,590750,214950,590725,214953,3,59072149,8,8.33835903407624,8.33835903407624,1,"Sehr wertvoll"
52228,590750,215050,590790,215080,3,59072150,16,16.6767180681525,16.6767180681525,2,"Sehr wertvoll"
52233,590750,215150,590700,215155,3,59072151,16,16.6767180681525,16.6767180681525,2,"Sehr wertvoll"
52314,590850,215050,590800,215030,3,59082150,16,16.6767180681525,16.6767180681525,2,"Sehr wertvoll"
52323,590850,215250,590848,215252,3,59082152,8,8.30070865278137,8.30070865278137,1,"Wertvoll"
52326,590850,215350,590812,215380,3,59082153,8,8.30070865278137,8.30070865278137,1,"Wertvoll"
52397,590950,215050,590930,215035,3,59092150,16,16.6767180681525,16.6767180681525,2,"Sehr wertvoll"
52635,591350,223450,591354,223447,3,59132234,10,10.2905475487862,10.2905475487862,1,"Sehr wertvoll"
52728,591450,223250,591400,223200,3,59142232,8,8.29054754878616,8.29054754878616,1,"Wertvoll"
52729,591450,223550,591454,223546,3,59142235,10,10.2905475487862,10.2905475487862,1,"Sehr wertvoll"
52803,591550,223250,591542,223247,3,59152232,22,22.8716426463585,7.62388088211949,2.2,"Wertvoll"
52806,591550,223350,591567,223374,3,59152233,16,16.5810950975723,16.5810950975723,2,"Sehr wertvoll"
52812,591550,223450,591557,223419,3,59152234,24,24.8716426463585,24.8716426463585,3,"Sehr wertvoll"
52887,591650,223450,591600,223470,3,59162234,8,8.29054754878616,8.29054754878616,1,"Wertvoll"
53023,591850,218850,591814,218800,3,59182188,6,6.9021259583441,6.9021259583441,0.6,"Wertvoll"
53276,592150,223950,592195,223995,3,59212239,16,16.5025417690946,16.5025417690946,2,"Sehr wertvoll"
53564,592550,215050,592500,215000,3,59252150,8,8.33835903407624,8.33835903407624,1,"Sehr wertvoll"
54220,593550,195950,593500,195950,3,59351959,16,16.5216866597475,16.5216866597475,2,"Sehr wertvoll"
54411,593750,195950,593754,195947,3,59371959,16,16.5216866597475,16.5216866597475,2,"Sehr wertvoll"
54438,593750,226650,593740,226685,3,59372266,8,8.25127088454731,8.25127088454731,1,"Wertvoll"
54507,593850,196450,593880,196417,3,59381964,12,13.5650599792426,13.5650599792426,1.2,"Sehr wertvoll"
54517,593850,226750,593800,226700,3,59382267,8,8.25127088454731,8.25127088454731,1,"Wertvoll"
54593,593950,196450,593962,196429,3,59391964,4,4.52168665974753,4.52168665974753,0.4,"Wertvoll"
54817,594150,237550,594147,237589,3,59412375,4,4.40036521040094,4.40036521040094,0.4,"Wertvoll"
55016,594250,244350,594270,244357,3,59422443,6,6.56247071966557,6.56247071966557,0.6,"Wertvoll"
55882,595350,242150,595395,242183,3,59532421,6,6.66483789690084,6.66483789690084,0.6,"Wertvoll"
55967,595450,207850,595410,207800,3,59542078,8,8.33835903407624,8.33835903407624,1,"Sehr wertvoll"
55971,595450,207950,595469,207981,3,59542079,8,8.33835903407624,8.33835903407624,1,"Sehr wertvoll"
55989,595450,242150,595425,242125,3,59542421,6,6.66483789690084,6.66483789690084,0.6,"Wertvoll"
56096,595550,207850,595501,207872,3,59552078,8,8.33835903407624,8.33835903407624,1,"Sehr wertvoll"
57463,597850,213150,597810,213185,3,59782131,8,8.34543401039644,8.34543401039644,1,"Sehr wertvoll"
57949,598750,250050,598750,250060,3,59872500,24,24.6513538678092,24.6513538678092,3,"Sehr wertvoll"
58706,599450,223350,599421,223348,3,59942233,16,16.5275451320666,16.5275451320666,2,"Sehr wertvoll"
59071,599950,223650,599958,223649,3,59992236,16,16.5275451320666,16.5275451320666,2,"Sehr wertvoll"
59149,600050,223650,600035,223651,3,60002236,8,8.26377256603332,8.26377256603332,1,"Wertvoll"
59153,600050,223750,600040,223770,3,60002237,16,16.5275451320666,16.5275451320666,2,"Sehr wertvoll"
59224,600150,223650,600159,223651,3,60012236,10,10.2637725660333,10.2637725660333,1,"Sehr wertvoll"
59225,600150,223750,600169,223790,3,60012237,26,26.7913176981,13.39565884905,3,"Sehr wertvoll"
59299,600250,223750,600252,223746,3,60022237,10,10.2637725660333,10.2637725660333,1,"Sehr wertvoll"
59423,600450,122150,600490,122121,3,60041221,8,8.97660392047645,8.97660392047645,0.8,"Sehr wertvoll"
59514,600550,122150,600588,122145,3,60051221,8,8.97660392047645,8.97660392047645,0.8,"Sehr wertvoll"
59986,600950,123450,600928,123416,3,60091234,4,4.57081677373126,4.57081677373126,0.4,"Wertvoll"
60250,601350,123750,601391,123767,3,60131237,15,16.9978587080594,16.9978587080594,1.4,"Sehr wertvoll"
60659,601750,209250,601779,209228,3,60172092,8,8.29100114174464,8.29100114174464,1,"Wertvoll"
61052,602450,123650,602450,123648,3,60241236,6,6.24415098011911,6.24415098011911,1,"Wertvoll"
61157,602650,196850,602673,196852,3,60261968,5,5.27174485005742,5.27174485005742,0.2,"Wertvoll"
61337,602850,231650,602850,231670,3,60282316,14,14.9045365652573,4.96817885508576,1.4,"Wertvoll"
61643,603250,122550,603205,122564,3,60321225,4,4.24415098011911,4.24415098011911,0.2,"Wertvoll"
61790,603350,183750,603364,183768,3,60331837,8,8.27174485005742,8.27174485005742,1,"Wertvoll"
61791,603350,183950,603348,183965,3,60331839,4,4.54348970011483,4.54348970011483,0.4,"Wertvoll"
61798,603350,197050,603354,197013,3,60331970,7,7.54514836990131,7.54514836990131,0.4,"Wertvoll"
62228,604050,199750,604005,199712,3,60401997,10,10.4495341016948,5.22476705084738,1.2,"Wertvoll"
62280,604050,223750,604057,223749,3,60402237,10,10.333092746301,10.333092746301,1,"Sehr wertvoll"
62285,604050,252950,604069,252989,3,60402529,8,8.22900404220795,8.22900404220795,1,"Wertvoll"
62341,604150,199450,604173,199438,3,60411994,8,8.22476705084738,8.22476705084738,1,"Wertvoll"
62342,604150,199750,604178,199778,3,60411997,8,8.22476705084738,8.22476705084738,1,"Wertvoll"
62343,604150,199850,604150,199825,3,60411998,10,10.4495341016948,5.22476705084738,1.2,"Wertvoll"
62372,604150,223750,604194,223775,3,60412237,18,18.6661854926019,9.33309274630097,2,"Sehr wertvoll"
62409,604250,199850,604249,199847,3,60421998,12,12.6743011525421,6.33715057627107,1.4,"Wertvoll"
62443,604250,223750,604200,223775,3,60422237,8,8.33309274630097,8.33309274630097,1,"Sehr wertvoll"
62446,604250,223850,604225,223877,3,60422238,8,8.33309274630097,8.33309274630097,1,"Sehr wertvoll"
62863,605050,250950,605050,250900,3,60502509,24,24.6870121266238,24.6870121266238,3,"Sehr wertvoll"
63068,605150,250750,605135,250740,3,60512507,16,16.4580080844159,16.4580080844159,2,"Sehr wertvoll"
63071,605150,250950,605139,250964,3,60512509,16,16.4580080844159,16.4580080844159,2,"Sehr wertvoll"
63544,606050,195150,606074,195121,3,60601951,6,6.89819265981895,6.89819265981895,0.6,"Wertvoll"
63865,606450,208150,606450,208145,3,60642081,8,8.29100114174464,8.29100114174464,1,"Wertvoll"
63913,606550,208150,606553,208140,3,60652081,10,10.2910011417446,10.2910011417446,1,"Sehr wertvoll"
63914,606550,208250,606555,208246,3,60652082,10,10.2910011417446,10.2910011417446,1,"Sehr wertvoll"
63972,606650,208250,606652,208242,3,60662082,10,10.2910011417446,10.2910011417446,1,"Sehr wertvoll"
64049,606850,124450,606865,124429,3,60681244,8,8.38024006835642,8.38024006835642,1,"Sehr wertvoll"
64648,607350,195050,607353,195046,3,60731950,20,20.5721791071381,20.5721791071381,2,"Sehr wertvoll"
64650,607350,195150,607349,195152,3,60731951,10,10.286089553569,10.286089553569,1,"Sehr wertvoll"
64695,607450,195050,607454,195045,3,60741950,10,10.286089553569,10.286089553569,1,"Sehr wertvoll"
64696,607450,195150,607452,195149,3,60741951,10,10.286089553569,10.286089553569,1,"Sehr wertvoll"
64774,607550,194950,607550,194900,3,60751949,8,8.28608955356905,8.28608955356905,1,"Wertvoll"
64787,607550,195350,607575,195375,3,60751953,8,8.28608955356905,8.28608955356905,1,"Wertvoll"
64802,607550,210750,607590,210780,3,60752107,8,8.33252318087539,8.33252318087539,1,"0"
64803,607550,210950,607556,210951,3,60752109,10,10.3325231808754,10.3325231808754,1,"Sehr wertvoll"
64861,607650,195050,607620,195095,3,60761950,8,8.28608955356905,8.28608955356905,1,"Wertvoll"
64862,607650,195250,607621,195270,3,60761952,8,8.28608955356905,8.28608955356905,1,"Wertvoll"
64941,607750,230050,607731,230086,3,60772300,8,8.30151218841909,8.30151218841909,1,"Wertvoll"
64943,607750,230150,607760,230195,3,60772301,8,8.30151218841909,8.30151218841909,1,"Wertvoll"
64954,607750,230250,607730,230200,3,60772302,8,8.30151218841909,8.30151218841909,1,"Wertvoll"
65069,607850,230150,607889,230164,3,60782301,8,8.30151218841909,8.30151218841909,1,"Wertvoll"
66222,608350,263250,608375,263293,3,60832632,8,8.22301120139715,8.22301120139715,1,"Wertvoll"
66223,608350,263350,608340,263300,3,60832633,26,26.8920448055886,13.4460224027943,3.2,"Sehr wertvoll"
66351,608450,263250,608400,263250,3,60842632,16,16.4460224027943,16.4460224027943,2,"Sehr wertvoll"
66372,608450,263450,608421,263478,3,60842634,8,8.22301120139715,8.22301120139715,1,"Wertvoll"
66808,609050,185350,609068,185377,3,60901853,8,8.29939755327298,8.29939755327298,1,"Wertvoll"
66809,609050,185650,609050,185600,3,60901856,8,8.29939755327298,8.29939755327298,1,"Wertvoll"
66813,609050,186450,609050,186480,3,60901864,16,16.598795106546,16.598795106546,2,"Sehr wertvoll"
66926,609250,185250,609270,185250,3,60921852,8,8.29939755327298,8.29939755327298,1,"Wertvoll"
66927,609250,185450,609230,185430,3,60921854,8,8.29939755327298,8.29939755327298,1,"Wertvoll"
66929,609250,185550,609250,185500,3,60921855,8,8.29939755327298,8.29939755327298,1,"Wertvoll"
66986,609350,185550,609386,185530,3,60931855,8,8.29939755327298,8.29939755327298,1,"Wertvoll"
67039,609450,185150,609400,185100,3,60941851,19,19.898192659819,9.94909632990948,2.2,"Sehr wertvoll"
67049,609450,185250,609400,185200,3,60941852,8,8.29939755327298,8.29939755327298,1,"Wertvoll"
67139,609550,184150,609500,184100,3,60951841,16,16.598795106546,16.598795106546,2,"Sehr wertvoll"
67145,609550,184250,609500,184240,3,60951842,8,8.29939755327298,8.29939755327298,1,"Wertvoll"
67146,609550,184350,609565,184340,3,60951843,8,8.29939755327298,8.29939755327298,1,"Wertvoll"
67713,610350,127850,610364,127861,3,61031278,6,6.4803947399364,6.4803947399364,0.4,"Wertvoll"
68165,611150,183650,611185,183655,3,61111836,8,8.29939755327298,8.29939755327298,1,"Wertvoll"
68340,611250,183550,611276,183595,3,61121835,8,8.29939755327298,8.29939755327298,1,"Wertvoll"
68342,611250,183650,611240,183655,3,61121836,8,8.29939755327298,8.29939755327298,1,"Wertvoll"
68532,611350,183550,611385,183585,3,61131835,8,8.29939755327298,8.29939755327298,1,"Wertvoll"
68792,611550,185950,611550,185900,3,61151859,16,16.6958414404907,16.6958414404907,2,"Sehr wertvoll"
70355,613550,231650,613500,231650,3,61352316,24,24.9908364848879,24.9908364848879,3,"Sehr wertvoll"
70363,613550,231750,613535,231761,3,61352317,16,16.6605576565919,16.6605576565919,2,"Sehr wertvoll"
70380,613550,231850,613545,231880,3,61352318,18,18.6605576565919,9.33027882829595,2,"Sehr wertvoll"
70433,613650,231650,613670,231670,3,61362316,8,8.33027882829595,8.33027882829595,1,"Wertvoll"
70434,613650,231750,613649,231745,3,61362317,10,10.330278828296,10.330278828296,1,"Sehr wertvoll"
70435,613650,231850,613652,231847,3,61362318,10,10.330278828296,10.330278828296,1,"Sehr wertvoll"
70493,613750,231750,613750,231700,3,61372317,26,26.9908364848879,13.4954182424439,3,"Sehr wertvoll"
70581,613950,168950,613925,168906,3,61391689,4,4.54603869509956,4.54603869509956,0.4,"Wertvoll"
70942,614650,171050,614697,171095,3,61461710,8,8.2956676268789,8.2956676268789,1,"Wertvoll"
71114,614850,229550,614883,229524,3,61482295,8,8.33027882829595,8.33027882829595,1,"Wertvoll"
71161,614950,229450,614956,229440,3,61492294,8,8.33027882829595,8.33027882829595,1,"Wertvoll"
71166,614950,229550,614952,229551,3,61492295,10,10.330278828296,10.330278828296,1,"Sehr wertvoll"
71167,614950,229650,614957,229645,3,61492296,10,10.330278828296,10.330278828296,1,"Sehr wertvoll"
71260,615150,171950,615182,171988,3,61511719,8,8.2956676268789,8.2956676268789,1,"Wertvoll"
71325,615250,210450,615277,210471,3,61522104,8,8.4116143113259,8.4116143113259,1,"Sehr wertvoll"
71370,615350,210550,615330,210590,3,61532105,24,25.2348429339777,25.2348429339777,3,"Sehr wertvoll"
71552,615550,210750,615520,210700,3,61552107,24,25.2348429339777,25.2348429339777,3,"Sehr wertvoll"
71895,616150,206650,616150,206643,3,61612066,10,10.3292859056032,10.3292859056032,1,"Sehr wertvoll"
71896,616150,206750,616151,206750,3,61612067,10,10.3292859056032,10.3292859056032,1,"Sehr wertvoll"
71931,616250,206450,616214,206461,3,61622064,8,8.35946328235506,8.35946328235506,1,"Sehr wertvoll"
71940,616250,206650,616256,206646,3,61622066,10,10.3292859056032,10.3292859056032,1,"Sehr wertvoll"
71976,616350,170450,616360,170460,3,61631704,8,8.2956676268789,8.2956676268789,1,"Wertvoll"
71984,616350,206450,616360,206460,3,61632064,8,8.35946328235506,8.35946328235506,1,"Sehr wertvoll"
71995,616350,206550,616356,206551,3,61632065,10,10.3594632823551,10.3594632823551,1,"Sehr wertvoll"
71996,616350,206650,616350,206649,3,61632066,10,10.3292859056032,10.3292859056032,1,"Sehr wertvoll"
72051,616450,206550,616442,206527,3,61642065,8,8.35946328235506,8.35946328235506,1,"Sehr wertvoll"
72095,616550,206550,616500,206500,3,61652065,8,8.35946328235506,8.35946328235506,1,"Sehr wertvoll"
72235,616850,252150,616894,252168,3,61682521,8,8.21792375125814,8.21792375125814,1,"Wertvoll"
72243,616850,264050,616886,264057,3,61682640,12,12.6690336041914,6.33451680209572,1.4,"Wertvoll"
72277,616950,252150,616941,252184,3,61692521,16,16.4358475025163,16.4358475025163,2,"Sehr wertvoll"
72281,616950,263750,616988,263764,3,61692637,8,8.22301120139715,8.22301120139715,1,"Wertvoll"
72282,616950,264050,616924,264013,3,61692640,8,8.22301120139715,8.22301120139715,1,"Wertvoll"
72344,617050,263750,617038,263786,3,61702637,8,8.22301120139715,8.22301120139715,1,"Wertvoll"
72347,617050,263850,617002,263819,3,61702638,10,10.4460224027943,5.22301120139715,1.2,"Wertvoll"
72396,617150,263650,617125,263625,3,61712636,10,10.4460224027943,5.22301120139715,1.2,"Wertvoll"
72398,617150,263750,617197,263792,3,61712637,8,8.22301120139715,8.22301120139715,1,"Wertvoll"
72401,617150,263850,617110,263820,3,61712638,10,10.4460224027943,5.22301120139715,1.2,"Wertvoll"
72406,617150,263950,617117,263906,3,61712639,8,8.22301120139715,8.22301120139715,1,"Wertvoll"
72480,617250,263650,617252,263692,3,61722636,8,8.22301120139715,8.22301120139715,1,"Wertvoll"
72481,617250,263750,617204,263791,3,61722637,8,8.22301120139715,8.22301120139715,1,"Wertvoll"
72529,617350,263650,617375,263625,3,61732636,5,5.44602240279429,5.44602240279429,0.4,"Wertvoll"
72561,617450,200050,617485,200095,3,61742000,8,8.39802885690765,8.39802885690765,1,"Sehr wertvoll"
72562,617450,200150,617450,200175,3,61742001,8,8.39802885690765,8.39802885690765,1,"Sehr wertvoll"
72568,617450,200250,617472,200200,3,61742002,8,8.39802885690765,8.39802885690765,1,"Sehr wertvoll"
72905,618150,128050,618183,128003,3,61811280,8,8.4846628334837,4.24233141674185,1.2,"Wertvoll"
73013,618350,128050,618353,128042,3,61831280,6,6.24233141674185,6.24233141674185,1,"Wertvoll"
73053,618450,128050,618492,128056,3,61841280,17,18.4539885004511,9.22699425022555,2,"Sehr wertvoll"
73313,618850,232050,618865,232045,3,61882320,26,27.0974536464771,13.5487268232386,3,"Sehr wertvoll"
73317,618850,232150,618801,232199,3,61882321,18,18.7316357643181,9.36581788215904,2,"Sehr wertvoll"
73377,618950,232050,618936,232038,3,61892320,16,16.7316357643181,16.7316357643181,2,"Sehr wertvoll"
73380,618950,232150,618910,232199,3,61892321,18,18.7316357643181,9.36581788215904,2,"Sehr wertvoll"
73420,619050,229450,619052,229445,3,61902294,20,20.7316357643181,20.7316357643181,2,"Sehr wertvoll"
73433,619050,231950,619015,231995,3,61902319,16,16.7316357643181,16.7316357643181,2,"Sehr wertvoll"
73436,619050,232050,619094,232025,3,61902320,8,8.36581788215904,8.36581788215904,1,"Sehr wertvoll"
73437,619050,232150,619083,232172,3,61902321,8,8.36581788215904,8.36581788215904,1,"Sehr wertvoll"
73478,619150,231950,619174,231905,3,61912319,14,14.7316357643181,7.36581788215904,2,"Wertvoll"
73480,619150,232050,619155,232047,3,61912320,6,6.36581788215904,6.36581788215904,1,"Wertvoll"
73769,619850,250050,619860,250020,3,61982500,10,11.331147674708,11.331147674708,1,"Sehr wertvoll"
73858,620050,230750,620056,230746,3,62002307,10,10.365817882159,10.365817882159,1,"Sehr wertvoll"
73893,620150,233550,620151,233550,3,62012335,10,10.3380448299918,10.3380448299918,1,"Sehr wertvoll"
73967,620250,241650,620270,241640,3,62022416,8,8.22330028647945,8.22330028647945,1,"Wertvoll"
74054,620350,241250,620372,241251,3,62032412,8,8.22330028647945,8.22330028647945,1,"Wertvoll"
74055,620350,241550,620367,241518,3,62032415,8,8.22330028647945,8.22330028647945,1,"Wertvoll"
74154,620550,230150,620584,230167,3,62052301,8,8.36581788215904,8.36581788215904,1,"Sehr wertvoll"
74155,620550,230250,620570,230200,3,62052302,16,16.7316357643181,16.7316357643181,2,"Sehr wertvoll"
74290,620750,233650,620700,233600,3,62072336,8,8.33804482999181,8.33804482999181,1,"Sehr wertvoll"
74333,620850,233550,620852,233542,3,62082335,10,10.3380448299918,10.3380448299918,1,"Sehr wertvoll"
74334,620850,233750,620849,233742,3,62082337,10,10.3380448299918,10.3380448299918,1,"Sehr wertvoll"
74443,621050,233550,621000,233500,3,62102335,16,16.6760896599836,16.6760896599836,2,"Sehr wertvoll"
74487,621150,182250,621170,182215,3,62111822,8,8.34161718916201,8.34161718916201,1,"Sehr wertvoll"
74905,622250,235150,622253,235144,3,62222351,10,10.3380448299918,10.3380448299918,1,"Sehr wertvoll"
74992,622450,235050,622456,235050,3,62242350,10,10.3380448299918,10.3380448299918,1,"Sehr wertvoll"
74993,622450,235150,622452,235144,3,62242351,10,10.3380448299918,10.3380448299918,1,"Sehr wertvoll"
75040,622550,234850,622554,234847,3,62252348,10,10.3380448299918,10.3380448299918,1,"Sehr wertvoll"
75041,622550,234950,622553,234950,3,62252349,10,10.3380448299918,10.3380448299918,1,"Sehr wertvoll"
75209,622850,209550,622800,209500,3,62282095,8,8.35833013903892,8.35833013903892,1,"Sehr wertvoll"
75348,623050,190850,623046,190844,3,62301908,4,4.62585807354291,4.62585807354291,0.4,"Wertvoll"
75526,623250,261050,623280,261000,3,62322610,4,4.49794682692963,4.49794682692963,0.4,"Wertvoll"
75561,623350,231850,623310,231890,3,62332318,16,16.5964627795219,16.5964627795219,2,"Sehr wertvoll"
75659,623550,231950,623573,231985,3,62352319,24,24.8946941692829,24.8946941692829,3,"Sehr wertvoll"
75667,623550,232050,623500,232000,3,62352320,24,24.8946941692829,24.8946941692829,3,"Sehr wertvoll"
75719,623650,231950,623625,231980,3,62362319,38,39.7893883385658,13.2631294461886,4.4,"Sehr wertvoll"
75742,623650,232050,623690,232010,3,62362320,42,44.3858511180878,14.7952837060293,4.8,"Sehr wertvoll"
75760,623650,232150,623680,232121,3,62362321,46,47.7893883385658,15.9297961128553,5.2,"Sehr wertvoll"
75811,623750,231950,623740,231950,3,62372319,16,16.5964627795219,16.5964627795219,2,"Sehr wertvoll"
75813,623750,232050,623702,232042,3,62372320,18,18.8946941692829,9.44734708464146,2.2,"Sehr wertvoll"
75817,623750,232150,623770,232170,3,62372321,48,51.2805452873707,17.0935150957902,5.4,"Sehr wertvoll"
76036,624050,265750,624053,265740,3,62402657,10,10.3624797900089,10.3624797900089,1,"Sehr wertvoll"
76129,624150,265750,624190,265710,3,62412657,16,16.7249595800178,16.7249595800178,2,"Sehr wertvoll"
77886,626950,194050,626950,194075,3,62691940,8,8.32739334234887,8.32739334234887,1,"Wertvoll"
78445,628050,167250,628025,167265,3,62801672,8,8.26030779323888,8.26030779323888,1,"Wertvoll"
78509,628150,237450,628171,237433,3,62812374,8,8.32347568064305,8.32347568064305,1,"Wertvoll"
78564,628250,237450,628209,237499,3,62822374,8,8.32347568064305,8.32347568064305,1,"Wertvoll"
78565,628250,237550,628200,237500,3,62822375,8,8.32347568064305,8.32347568064305,1,"Wertvoll"
78970,628750,268650,628750,268660,3,62872686,8,8.34429532004047,8.34429532004047,1,"Sehr wertvoll"
79227,629050,233750,629000,233750,3,62902337,8,8.31350187585266,8.31350187585266,1,"Wertvoll"
79342,629150,245150,629117,245121,3,62912451,8,8.2521444964706,8.2521444964706,1,"Wertvoll"
79413,629250,233950,629250,233900,3,62922339,24,24.940505627558,24.940505627558,3,"Sehr wertvoll"
79432,629250,238250,629250,238247,3,62922382,4,4.64695136128611,4.64695136128611,0.4,"Wertvoll"
79598,629450,238150,629400,238100,3,62942381,16,16.6469513612861,16.6469513612861,2,"Sehr wertvoll"
80520,630550,238350,630556,238345,3,63052383,10,10.3234756806431,10.3234756806431,1,"Sehr wertvoll"
80521,630550,238450,630554,238445,3,63052384,10,10.3234756806431,10.3234756806431,1,"Sehr wertvoll"
80525,630550,239150,630575,239150,3,63052391,16,16.6469513612861,16.6469513612861,2,"Sehr wertvoll"
80908,630950,238350,630920,238380,3,63092383,8,8.32347568064305,8.32347568064305,1,"Wertvoll"
80911,630950,238850,630960,238840,3,63092388,8,8.32347568064305,8.32347568064305,1,"Wertvoll"
80912,630950,238950,630946,238950,3,63092389,16,16.6469513612861,16.6469513612861,2,"Sehr wertvoll"
81405,631550,228550,631556,228561,3,63152285,16,16.6199153453512,16.6199153453512,2,"Sehr wertvoll"
81408,631550,228650,631553,228653,3,63152286,14,15.2398306907024,7.61991534535118,1.6,"Wertvoll"
81473,631650,228550,631619,228534,3,63162285,10,10.6199153453512,5.30995767267559,1.2,"Wertvoll"
81475,631650,228650,631600,228600,3,63162286,34,36.1697037087291,12.0565679029097,3.8,"Sehr wertvoll"
82128,632550,238850,632550,238870,3,63252388,16,16.6469513612861,16.6469513612861,2,"Sehr wertvoll"
82183,632650,127950,632690,127904,3,63261279,10,10.7775472021432,10.7775472021432,0.8,"Sehr wertvoll"
82212,632650,239050,632600,239000,3,63262390,24,27.8817081677166,27.8817081677166,2.4,"Sehr wertvoll"
82251,632750,127950,632739,127951,3,63271279,5,5.3887736010716,5.3887736010716,0.4,"Wertvoll"
82351,632850,127950,632810,127951,3,63281279,6,6.5831604016074,6.5831604016074,0.6,"Wertvoll"
83123,633850,242350,633880,242330,3,63382423,8,8.33804482999181,8.33804482999181,1,"Sehr wertvoll"
83138,633850,267450,633851,267446,3,63382674,10,10.377133160371,10.377133160371,1,"Sehr wertvoll"
83225,633950,242350,633925,242303,3,63392423,19,20.0141344899754,10.0070672449877,2.2,"Sehr wertvoll"
83228,633950,242450,633991,242492,3,63392424,21,22.3521793199672,11.1760896599836,2.4,"Sehr wertvoll"
83671,634550,125550,634536,125543,3,63451255,5,5.45273774981455,5.45273774981455,0.4,"Wertvoll"
84286,635550,218850,635500,218800,3,63552188,8,8.37609706193801,8.37609706193801,1,"Sehr wertvoll"
84288,635550,218950,635500,218900,3,63552189,8,8.37609706193801,8.37609706193801,1,"Sehr wertvoll"
84292,635550,219050,635550,219000,3,63552190,10,10.752194123876,5.37609706193801,1.2,"Wertvoll"
84295,635550,219150,635555,219115,3,63552191,8,8.37609706193801,8.37609706193801,1,"Sehr wertvoll"
84426,635750,214850,635780,214890,3,63572148,8,8.2756432056296,8.2756432056296,1,"Wertvoll"
84427,635750,214950,635791,214929,3,63572149,8,8.2756432056296,8.2756432056296,1,"Wertvoll"
84531,635950,218050,635981,218036,3,63592180,24,25.128291185814,12.564145592907,3,"Sehr wertvoll"
84534,635950,218150,635949,218149,3,63592181,10,10.2756432056296,10.2756432056296,1,"Sehr wertvoll"
84582,636050,217350,636048,217353,3,63602173,10,10.2756432056296,10.2756432056296,1,"Sehr wertvoll"
84583,636050,217550,636017,217554,3,63602175,4,4.55128641125921,4.55128641125921,0.4,"Wertvoll"
84626,636150,217450,636152,217445,3,63612174,10,10.2756432056296,10.2756432056296,1,"Sehr wertvoll"
84637,636150,250850,636109,250870,3,63612508,8,8.22309641524451,8.22309641524451,1,"Wertvoll"
84683,636250,250950,636200,250950,3,63622509,8,8.22309641524451,8.22309641524451,1,"Wertvoll"
84876,636850,220250,636800,220200,3,63682202,16,16.7215542777487,16.7215542777487,2,"Sehr wertvoll"
84936,636950,220250,636916,220287,3,63692202,8,8.36077713887437,8.36077713887437,1,"Sehr wertvoll"
84958,636950,241950,636900,241950,3,63692419,22,23.544019795574,11.772009897787,2.6,"Sehr wertvoll"
85012,637050,220350,637020,220315,3,63702203,8,8.36077713887437,8.36077713887437,1,"Sehr wertvoll"
85013,637050,220450,637068,220449,3,63702204,8,8.36077713887437,8.36077713887437,1,"Sehr wertvoll"
85037,637050,255650,637010,255620,3,63702556,8,8.20881102219845,8.20881102219845,1,"Wertvoll"
85038,637050,255750,637000,255700,3,63702557,8,8.20881102219845,8.20881102219845,1,"Wertvoll"
85126,637150,255450,637140,255460,3,63712554,8,8.20881102219845,8.20881102219845,1,"Wertvoll"
85254,637550,238950,637571,238977,3,63752389,16,16.6176079182296,16.6176079182296,2,"Sehr wertvoll"
85256,637550,239050,637500,239000,3,63752390,16,16.6176079182296,16.6176079182296,2,"Sehr wertvoll"
85609,638750,127950,638759,127997,3,63871279,4,4.31264241567323,4.31264241567323,0.2,"Wertvoll"
85727,639250,247350,639251,247348,3,63922473,10,10.2556109017216,10.2556109017216,1,"Sehr wertvoll"
85747,639350,247350,639300,247300,3,63932473,6,6.51122180344325,6.51122180344325,0.4,"Wertvoll"
85857,639650,243950,639649,243950,3,63962439,10,10.2904554537004,10.2904554537004,1,"Sehr wertvoll"
85861,639650,266150,639630,266150,3,63962661,8,8.35591903869877,8.35591903869877,1,"Sehr wertvoll"
85880,639750,244050,639752,244043,3,63972440,10,10.2904554537004,10.2904554537004,1,"Sehr wertvoll"
85881,639750,244150,639750,244100,3,63972441,14,14.8713663611013,7.43568318055063,1.4,"Wertvoll"
85888,639750,266150,639710,266191,3,63972661,6,7.06775711609631,7.06775711609631,0.6,"Wertvoll"
85999,640250,253950,640233,253991,3,64022539,5,5.55627119252229,5.55627119252229,0.4,"Wertvoll"
86013,640250,266650,640200,266650,3,64022666,8,8.35591903869877,8.35591903869877,1,"Sehr wertvoll"
86530,641750,265450,641780,265490,3,64172654,18,18.7035539110231,9.35177695551157,2,"Sehr wertvoll"
86535,641750,265550,641748,265552,3,64172655,10,10.3194827157424,10.3194827157424,1,"Sehr wertvoll"
86578,641850,250350,641884,250370,3,64182503,8,8.29045545370042,8.29045545370042,1,"Wertvoll"
86917,642450,248750,642435,248796,3,64242487,8,8.29045545370042,8.29045545370042,1,"Wertvoll"
87043,642950,261950,642976,261989,3,64292619,16,16.7035539110231,16.7035539110231,2,"Sehr wertvoll"
87959,644950,221650,644900,221600,3,64492216,8,8.30084634900134,8.30084634900134,1,"Wertvoll"
87961,644950,221750,644900,221700,3,64492217,8,8.30084634900134,8.30084634900134,1,"Wertvoll"
87970,644950,253050,644984,253070,3,64492530,8,8.24422301044256,8.24422301044256,1,"Wertvoll"
88038,645050,221650,645052,221649,3,64502216,8,8.30084634900134,8.30084634900134,1,"Wertvoll"
88128,645150,221550,645197,221599,3,64512215,8,8.30084634900134,8.30084634900134,1,"Wertvoll"
88129,645150,221650,645170,221650,3,64512216,16,16.6016926980027,16.6016926980027,2,"Sehr wertvoll"
88159,645250,221550,645212,221524,3,64522215,8,8.30084634900134,8.30084634900134,1,"Wertvoll"
89021,646450,237150,646400,237150,3,64642371,42,45.5646710235989,22.7823355117994,4.8,"Sehr wertvoll"
89134,646550,237150,646530,237140,3,64652371,8,8.29705591863324,8.29705591863324,1,"Wertvoll"
89242,646650,238750,646600,238700,3,64662387,16,16.5941118372665,16.5941118372665,2,"Sehr wertvoll"
89686,647350,212550,647315,212558,3,64732125,8,8.32688530984529,8.32688530984529,1,"Wertvoll"
89687,647350,212650,647300,212630,3,64732126,16,16.6537706196906,16.6537706196906,2,"Sehr wertvoll"
89796,647550,176350,647500,176300,3,64751763,8,8.32886143254499,8.32886143254499,1,"Wertvoll"
90705,649750,248850,649750,248846,3,64972488,24,24.7326690313277,24.7326690313277,3,"Sehr wertvoll"
90895,649950,234250,649985,234210,3,64992342,16,16.5941118372665,16.5941118372665,2,"Sehr wertvoll"
90920,649950,234350,649900,234300,3,64992343,16,16.5941118372665,16.5941118372665,2,"Sehr wertvoll"
90990,649950,234450,649900,234400,3,64992344,7,7.29705591863324,7.29705591863324,1,"Wertvoll"
90991,649950,248950,649950,248972,3,64992489,5,5.48844602088512,5.48844602088512,0.4,"Wertvoll"
91039,650050,249050,650000,249000,3,65002490,4,4.48844602088512,4.48844602088512,0.4,"Wertvoll"
91543,651950,238250,651980,238220,3,65192382,8,8.30218822027362,8.30218822027362,1,"Wertvoll"
92007,652950,250150,652941,250171,3,65292501,8,8.24422301044256,8.24422301044256,1,"Wertvoll"
92256,653550,256050,653552,256049,3,65352560,10,10.2453353131281,10.2453353131281,1,"Sehr wertvoll"
92290,653650,248650,653600,248650,3,65362486,16,16.4884460208851,16.4884460208851,2,"Sehr wertvoll"
92308,653650,256050,653609,256000,3,65362560,12,12.4906706262562,6.24533531312809,1.2,"Wertvoll"
92345,653750,252150,653789,252198,3,65372521,16,16.4906706262562,16.4906706262562,2,"Sehr wertvoll"
92347,653750,252550,653794,252536,3,65372525,24,24.7360059393843,24.7360059393843,3,"Sehr wertvoll"
92395,653850,247150,653800,247150,3,65382471,24,24.7326690313277,24.7326690313277,3,"Sehr wertvoll"
92462,653850,252250,653850,252251,3,65382522,16,16.4906706262562,16.4906706262562,2,"Sehr wertvoll"
92469,653850,256050,653800,256050,3,65382560,26,26.9813412525124,13.4906706262562,3.2,"Sehr wertvoll"
92507,653950,177150,653900,177190,3,65391771,8,8.31178717119602,8.31178717119602,1,"Wertvoll"
92528,653950,245450,653937,245434,3,65392454,16,16.4884460208851,16.4884460208851,2,"Sehr wertvoll"
92543,653950,252250,653900,252200,3,65392522,24,24.7360059393843,24.7360059393843,3,"Sehr wertvoll"
92653,654050,177150,654005,177195,3,65401771,8,8.31178717119602,8.31178717119602,1,"Wertvoll"
92697,654150,177050,654138,177000,3,65411770,8,8.31178717119602,8.31178717119602,1,"Wertvoll"
92770,654150,249750,654193,249752,3,65412497,6,6.73266903132768,6.73266903132768,0.6,"Wertvoll"
92796,654250,249750,654276,249721,3,65422497,13,13.7326690313277,6.86633451566384,1.4,"Wertvoll"
92799,654250,249850,654200,249800,3,65422498,18,18.7326690313277,9.36633451566384,2.2,"Sehr wertvoll"
93008,654650,269550,654652,269546,3,65462695,6,6.28008302646469,6.28008302646469,1,"Wertvoll"
93148,655050,250750,655059,250746,3,65502507,10,10.3071561424431,10.3071561424431,1,"Sehr wertvoll"
93447,655650,253450,655635,253434,3,65562534,12,12.8315846081115,6.41579230405577,1.4,"Wertvoll"
93936,656650,174650,656600,174680,3,65661746,8,8.31178717119602,8.31178717119602,1,"Wertvoll"
93967,656650,265050,656630,265018,3,65662650,8,8.29701831711857,8.29701831711857,1,"Wertvoll"
93968,656650,272550,656600,272550,3,65662725,24,25.0036522232466,25.0036522232466,3,"Sehr wertvoll"
94026,656750,174650,656738,174663,3,65671746,8,8.31178717119602,8.31178717119602,1,"Wertvoll"
94081,656850,265250,656847,265242,3,65682652,16,16.5940366342371,16.5940366342371,2,"Sehr wertvoll"
94619,658550,271850,658550,271840,3,65852718,12,13.319179461473,13.319179461473,1,"Sehr wertvoll"
94628,658550,271950,658500,271947,3,65852719,4,4.2638358922946,4.2638358922946,0.2,"Wertvoll"
94638,658650,272050,658600,272000,3,65862720,16,16.5276717845892,16.5276717845892,2,"Sehr wertvoll"
94648,658750,253550,658745,253545,3,65872535,10,10.2771948693705,10.2771948693705,1,"Sehr wertvoll"
94674,658950,254550,658954,254548,3,65892545,10,10.2771948693705,10.2771948693705,1,"Sehr wertvoll"
94675,658950,254650,658948,254648,3,65892546,10,10.2771948693705,10.2771948693705,1,"Sehr wertvoll"
94691,659050,174050,659000,174000,3,65901740,6,6.84108139035903,6.84108139035903,0.6,"Wertvoll"
94755,659050,272450,659000,272455,3,65902724,14,15.5830153537676,15.5830153537676,1.2,"Sehr wertvoll"
94841,659350,252150,659351,252148,3,65932521,8,8.27719486937051,8.27719486937051,1,"Wertvoll"
95006,659550,268050,659552,268048,3,65952680,10,10.2970183171186,10.2970183171186,1,"Sehr wertvoll"
95007,659550,268150,659557,268145,3,65952681,10,10.2970183171186,10.2970183171186,1,"Sehr wertvoll"
95204,659950,255950,659952,255949,3,65992559,10,10.2771948693705,10.2771948693705,1,"Sehr wertvoll"
95265,660050,263450,660020,263400,3,66002634,24,24.8910549513557,24.8910549513557,3,"Sehr wertvoll"
95349,660150,255850,660190,255895,3,66012558,12,12.6687394379338,6.33436971896691,1.2,"Wertvoll"
95351,660150,255950,660152,255945,3,66012559,10,10.3343697189669,10.3343697189669,1,"Sehr wertvoll"
95352,660150,257150,660130,257130,3,66012571,26,27.0031091569007,13.5015545784504,3,"Sehr wertvoll"
95355,660150,257250,660158,257247,3,66012572,10,10.3343697189669,10.3343697189669,1,"Sehr wertvoll"
95378,660250,213150,660248,213147,3,66022131,10,10.3401745551617,10.3401745551617,1,"Sehr wertvoll"
95382,660250,257150,660251,257151,3,66022571,10,10.3343697189669,10.3343697189669,1,"Sehr wertvoll"
95383,660250,257250,660250,257250,3,66022572,10,10.3343697189669,10.3343697189669,1,"Sehr wertvoll"
95476,660350,255850,660346,255850,3,66032558,10,10.3343697189669,10.3343697189669,1,"Sehr wertvoll"
95477,660350,256050,660353,256049,3,66032560,10,10.3343697189669,10.3343697189669,1,"Sehr wertvoll"
95478,660350,257350,660357,257352,3,66032573,10,10.3343697189669,10.3343697189669,1,"Sehr wertvoll"
95485,660350,269550,660300,269500,3,66032695,8,8.2638358922946,8.2638358922946,1,"Wertvoll"
95498,660450,197950,660400,197900,3,66041979,8,8.34265219976897,8.34265219976897,1,"Sehr wertvoll"
95505,660450,255950,660452,255947,3,66042559,10,10.3343697189669,10.3343697189669,1,"Sehr wertvoll"
95604,660650,260250,660648,260246,3,66062602,10,10.3343697189669,10.3343697189669,1,"Sehr wertvoll"
95605,660650,260350,660600,260350,3,66062603,26,27.0031091569007,13.5015545784504,3,"Sehr wertvoll"
95623,660750,255950,660771,255977,3,66072559,12,12.6687394379338,6.33436971896691,1.2,"Wertvoll"
95627,660750,264950,660700,264900,3,66072649,18,18.5940366342371,9.29701831711857,2,"Sehr wertvoll"
95647,660750,265050,660749,265046,3,66072650,10,10.2970183171186,10.2970183171186,1,"Sehr wertvoll"
95658,660850,264950,660853,264954,3,66082649,10,10.2970183171186,10.2970183171186,1,"Sehr wertvoll"
95659,660850,265050,660895,265000,3,66082650,18,18.5940366342371,9.29701831711857,2,"Sehr wertvoll"
95705,661050,210350,661018,210351,3,66102103,8,8.35885139449229,8.35885139449229,1,"Sehr wertvoll"
95765,661150,210450,661153,210443,3,66112104,8,8.38909663662956,8.38909663662956,1,"Sehr wertvoll"
95776,661250,210550,661299,210583,3,66122105,8,8.38909663662956,8.38909663662956,1,"Sehr wertvoll"
95820,661250,267250,661247,267248,3,66122672,10,10.2970183171186,10.2970183171186,1,"Sehr wertvoll"
95822,661350,210550,661305,210557,3,66132105,8,8.38909663662956,8.38909663662956,1,"Sehr wertvoll"
95828,661350,210650,661355,210643,3,66132106,16,16.7781932732591,16.7781932732591,2,"Sehr wertvoll"
96327,663050,224450,663062,224460,3,66302244,16,16.6010116602152,16.6010116602152,2,"Sehr wertvoll"
96339,663050,224550,663080,224553,3,66302245,8,8.30050583010758,8.30050583010758,1,"Wertvoll"
96359,663150,224550,663100,224550,3,66312245,8,8.30050583010758,8.30050583010758,1,"Wertvoll"
96664,664050,251150,664094,251177,3,66402511,8,8.28706079173433,8.28706079173433,1,"Wertvoll"
96732,664150,251150,664150,251100,3,66412511,8,8.28706079173433,8.28706079173433,1,"Wertvoll"
96871,664450,249750,664452,249747,3,66442497,16,16.5741215834687,16.5741215834687,2,"Sehr wertvoll"
96881,664450,250050,664453,250045,3,66442500,10,10.2870607917343,10.2870607917343,1,"Sehr wertvoll"
97142,665050,206850,665031,206832,3,66502068,16,16.7346275947515,16.7346275947515,2,"Sehr wertvoll"
97184,665150,198650,665182,198618,3,66511986,8,8.28673478141058,8.28673478141058,1,"Wertvoll"
97193,665150,206850,665100,206800,3,66512068,16,16.7346275947515,16.7346275947515,2,"Sehr wertvoll"
97332,665250,268450,665250,268400,3,66522684,16,16.6963963600528,16.6963963600528,2,"Sehr wertvoll"
97349,665250,268550,665250,268500,3,66522685,8,8.3481981800264,8.3481981800264,1,"Sehr wertvoll"
97418,665350,268650,665300,268600,3,66532686,8,8.3481981800264,8.3481981800264,1,"Sehr wertvoll"
97478,665450,268550,665400,268500,3,66542685,24,25.0445945400792,25.0445945400792,3,"Sehr wertvoll"
97523,665550,268350,665525,268366,3,66552683,4,4.69639636005279,4.69639636005279,0.4,"Wertvoll"
97638,665750,268550,665700,268500,3,66572685,8,9.04459454007918,9.04459454007918,0.6,"Sehr wertvoll"
97674,665950,198050,665985,198090,3,66591980,8,8.28673478141058,8.28673478141058,1,"Wertvoll"
97708,665950,268550,665950,268525,3,66592685,27,28.3927927201056,14.1963963600528,3.2,"Sehr wertvoll"
98391,667050,221650,667090,221645,3,66702216,24,25.1481930552831,25.1481930552831,3,"Sehr wertvoll"
98396,667050,222350,667035,222300,3,66702223,16,16.7654620368554,16.7654620368554,2,"Sehr wertvoll"
98421,667150,221850,667100,221850,3,66712218,24,25.1481930552831,25.1481930552831,3,"Sehr wertvoll"
98533,667150,222150,667163,222183,3,66712221,8,8.38273101842768,8.38273101842768,1,"Sehr wertvoll"
98589,667350,221850,667365,221858,3,66732218,4,4.76546203685537,4.76546203685537,0.4,"Wertvoll"
98909,668150,256350,668105,256374,3,66812563,8,8.29840547980451,8.29840547980451,1,"Wertvoll"
98930,668250,256150,668250,256100,3,66822561,24,24.8952164394135,24.8952164394135,3,"Sehr wertvoll"
98935,668250,256250,668200,256200,3,66822562,16,16.596810959609,16.596810959609,2,"Sehr wertvoll"
98937,668250,256350,668250,256344,3,66822563,24,24.8952164394135,24.8952164394135,3,"Sehr wertvoll"
98961,668350,202350,668370,202330,3,66832023,7,7.86020434423174,7.86020434423174,0.6,"Wertvoll"
98975,668350,268450,668340,268455,3,66832684,24,24.705125084863,24.705125084863,3,"Sehr wertvoll"
98982,668350,268550,668375,268505,3,66832685,8,8.23504169495433,8.23504169495433,1,"Wertvoll"
98983,668350,268650,668345,268630,3,66832686,8,8.23504169495433,8.23504169495433,1,"Wertvoll"
98997,668450,268450,668495,268483,3,66842684,8,8.23504169495433,8.23504169495433,1,"Wertvoll"
99004,668450,268550,668488,268506,3,66842685,8,8.23504169495433,8.23504169495433,1,"Wertvoll"
99005,668450,268650,668400,268650,3,66842686,24,24.705125084863,24.705125084863,3,"Sehr wertvoll"
99124,668550,268550,668580,268560,3,66852685,24,24.705125084863,24.705125084863,3,"Sehr wertvoll"
99137,668650,255850,668670,255830,3,66862558,16,16.596810959609,16.596810959609,2,"Sehr wertvoll"
99167,668850,255850,668854,255844,3,66882558,10,10.2984054798045,10.2984054798045,1,"Sehr wertvoll"
99683,670150,239150,670122,239151,3,67012391,6,6.46718478232471,6.46718478232471,0.4,"Wertvoll"
99685,670150,239450,670175,239412,3,67012394,6,6.70077717348707,6.70077717348707,0.6,"Wertvoll"
101088,673250,236050,673250,236049,3,67322360,10,10.3251625443471,10.3251625443471,1,"Sehr wertvoll"
101089,673250,236150,673200,236100,3,67322361,44,45.6258127217353,22.8129063608677,5,"Sehr wertvoll"
101183,673350,236150,673322,236131,3,67332361,12,12.6503250886941,6.32516254434706,1.2,"Wertvoll"
101318,673950,233150,673926,233173,3,67392331,24,24.8524898917942,24.8524898917942,3,"Sehr wertvoll"
101330,673950,233250,673900,233250,3,67392332,24,24.8524898917942,24.8524898917942,3,"Sehr wertvoll"
101344,674050,234050,674030,234030,3,67402340,16,16.6503250886941,16.6503250886941,2,"Sehr wertvoll"
101362,674150,233850,674100,233800,3,67412338,24,24.9754876330412,24.9754876330412,3,"Sehr wertvoll"
101423,674450,232750,674455,232750,3,67442327,10,10.2841632972647,10.2841632972647,1,"Sehr wertvoll"
101482,674650,231350,674650,231375,3,67462313,16,16.692187022512,16.692187022512,2,"Sehr wertvoll"
101507,674650,231550,674665,231500,3,67462315,8,8.34609351125598,8.34609351125598,1,"Sehr wertvoll"
101747,675650,268950,675660,268921,3,67562689,36,37.8803335596347,7.57606671192693,4,"Wertvoll"
101824,675850,269050,675847,269065,3,67582690,10,10.4700833899087,5.23504169495433,1.2,"Wertvoll"
101871,676050,268950,676000,268990,3,67602689,8,8.23504169495433,8.23504169495433,1,"Wertvoll"
101888,676150,268550,676120,268534,3,67612685,8,8.23504169495433,8.23504169495433,1,"Wertvoll"
101889,676150,268650,676100,268650,3,67612686,24,24.705125084863,24.705125084863,3,"Sehr wertvoll"
101897,676150,269050,676152,269045,3,67612690,10,10.2350416949543,10.2350416949543,1,"Sehr wertvoll"
101965,676350,268850,676352,268846,3,67632688,10,10.2350416949543,10.2350416949543,1,"Sehr wertvoll"
101967,676350,281250,676373,281228,3,67632812,14,14.7415120495288,7.37075602476438,1.4,"Wertvoll"
101970,676350,281350,676334,281352,3,67632813,16,16.4943413663525,16.4943413663525,2,"Sehr wertvoll"
101979,676450,281350,676451,281345,3,67642813,10,10.2471706831763,10.2471706831763,1,"Sehr wertvoll"
101980,676450,281450,676451,281449,3,67642814,10,10.2471706831763,10.2471706831763,1,"Sehr wertvoll"
101985,676550,281550,676536,281570,3,67652815,4,4.4943413663525,4.4943413663525,0.4,"Wertvoll"
102000,676650,281450,676619,281458,3,67662814,8,8.24717068317625,8.24717068317625,1,"Wertvoll"
102074,677050,282650,677085,282667,3,67702826,8,8.24717068317625,8.24717068317625,1,"Wertvoll"
102146,677350,229550,677375,229535,3,67732295,8,8.28416329726475,8.28416329726475,1,"Wertvoll"
102147,677350,229650,677352,229646,3,67732296,10,10.2841632972647,10.2841632972647,1,"Sehr wertvoll"
102148,677350,229750,677389,229781,3,67732297,8,8.28416329726475,8.28416329726475,1,"Wertvoll"
102330,677750,229350,677720,229380,3,67772293,8,8.28416329726475,8.28416329726475,1,"Wertvoll"
102333,677750,229550,677700,229500,3,67772295,16,16.5683265945295,16.5683265945295,2,"Sehr wertvoll"
102570,678050,267450,678052,267448,3,67802674,10,10.2346867672542,10.2346867672542,1,"Sehr wertvoll"
102572,678050,267650,678051,267649,3,67802676,10,10.2346867672542,10.2346867672542,1,"Sehr wertvoll"
102574,678050,268750,678080,268760,3,67802687,8,8.23468676725415,8.23468676725415,1,"Wertvoll"
102585,678150,267050,678153,267045,3,67812670,10,10.2346867672542,10.2346867672542,1,"Sehr wertvoll"
102586,678150,267350,678152,267351,3,67812673,10,10.2346867672542,10.2346867672542,1,"Sehr wertvoll"
102587,678150,267650,678124,267607,3,67812676,18,18.4693735345083,9.23468676725415,2,"Sehr wertvoll"
102589,678150,268150,678151,268149,3,67812681,10,10.2346867672542,10.2346867672542,1,"Sehr wertvoll"
102590,678150,268850,678134,268879,3,67812688,21,21.9387470690166,7.3129156896722,2.4,"Wertvoll"
102893,678250,266950,678217,266991,3,67822669,24,24.7040603017625,24.7040603017625,3,"Sehr wertvoll"
102902,678250,267250,678200,267200,3,67822672,8,8.23468676725415,8.23468676725415,1,"Wertvoll"
102999,678350,267250,678355,267248,3,67832672,10,10.2346867672542,10.2346867672542,1,"Sehr wertvoll"
103000,678350,267850,678352,267841,3,67832678,10,10.2346867672542,10.2346867672542,1,"Sehr wertvoll"
103001,678350,268150,678353,268144,3,67832681,10,10.2346867672542,10.2346867672542,1,"Sehr wertvoll"
103010,678350,268550,678300,268500,3,67832685,24,24.7040603017625,24.7040603017625,3,"Sehr wertvoll"
103091,678450,267250,678496,267231,3,67842672,19,19.7040603017625,9.85203015088123,2.2,"Sehr wertvoll"
103094,678450,267750,678450,267700,3,67842677,8,8.23468676725415,8.23468676725415,1,"Wertvoll"
103096,678450,267950,678487,267965,3,67842679,8,8.23468676725415,8.23468676725415,1,"Wertvoll"
103097,678450,268050,678459,268047,3,67842680,10,10.2346867672542,10.2346867672542,1,"Sehr wertvoll"
103172,678550,267350,678552,267348,3,67852673,10,10.2346867672542,10.2346867672542,1,"Sehr wertvoll"
103173,678550,267750,678552,267748,3,67852677,10,10.2346867672542,10.2346867672542,1,"Sehr wertvoll"
103174,678550,268050,678500,268000,3,67852680,34,34.9387470690166,17.4693735345083,4,"Sehr wertvoll"
104158,680350,286650,680353,286644,3,68032866,8,8.24717068317625,8.24717068317625,1,"Wertvoll"
104159,680350,286750,680320,286783,3,68032867,8,8.24717068317625,8.24717068317625,1,"Wertvoll"
104179,680450,244450,680427,244435,3,68042444,8,8.21305845872407,8.21305845872407,1,"Wertvoll"
104284,680650,271450,680600,271400,3,68062714,7,7.71126153145619,7.71126153145619,0.6,"Wertvoll"
104288,680650,271850,680649,271848,3,68062718,10,10.2370871771521,10.2370871771521,1,"Sehr wertvoll"
104289,680650,271950,680650,271900,3,68062719,8,8.71126153145619,8.71126153145619,0.6,"Sehr wertvoll"
104294,680650,272150,680666,272166,3,68062721,8,8.23708717715206,8.23708717715206,1,"Wertvoll"
104343,680750,272750,680750,272750,3,68072727,10,10.2370871771521,10.2370871771521,1,"Sehr wertvoll"
104384,680850,271550,680849,271547,3,68082715,11,11.9483487086083,11.9483487086083,0.8,"Sehr wertvoll"
104390,680850,271650,680875,271625,3,68082716,14,14.7112615314562,7.3556307657281,1.4,"Wertvoll"
104399,680850,272550,680800,272500,3,68082725,8,8.23708717715206,8.23708717715206,1,"Wertvoll"
104419,680950,271750,680907,271782,3,68092717,30,31.8966974172165,6.3793394834433,3.2,"Wertvoll"
104454,680950,271850,680960,271820,3,68092718,11,11.9483487086083,11.9483487086083,0.8,"Sehr wertvoll"
104927,681850,267150,681844,267122,3,68182671,11,11.4693735345083,5.73468676725415,1.2,"Wertvoll"
104929,681850,267350,681888,267349,3,68182673,8,8.23468676725415,8.23468676725415,1,"Wertvoll"
104954,681950,267050,681900,267075,3,68192670,8,8.23468676725415,8.23468676725415,1,"Wertvoll"
104956,681950,267350,681931,267335,3,68192673,24,24.7040603017625,24.7040603017625,3,"Sehr wertvoll"
104999,682050,267150,682050,267190,3,68202671,16,16.4693735345083,16.4693735345083,2,"Sehr wertvoll"
105004,682050,267250,682000,267250,3,68202672,8,8.23468676725415,8.23468676725415,1,"Wertvoll"
105078,682250,267250,682272,267292,3,68222672,4,4.46937353450831,4.46937353450831,0.4,"Wertvoll"
106536,683650,274750,683699,274750,3,68362747,24,24.7112615314562,24.7112615314562,3,"Sehr wertvoll"
107015,684950,228850,684933,228895,3,68492288,8,8.26814837256223,8.26814837256223,1,"Wertvoll"
107210,685750,227150,685794,227127,3,68572271,16,16.5362967451245,16.5362967451245,2,"Sehr wertvoll"
107269,685850,229750,685810,229729,3,68582297,8,8.33316062176166,8.33316062176166,1,"Sehr wertvoll"
107305,685850,282750,685848,282750,3,68582827,10,10.2471706831763,10.2471706831763,1,"Sehr wertvoll"
107339,685950,282750,685957,282750,3,68592827,10,10.2471706831763,10.2471706831763,1,"Sehr wertvoll"
107350,686050,225250,686052,225241,3,68602252,10,10.2681483725622,10.2681483725622,1,"Sehr wertvoll"
107382,686150,225550,686135,225582,3,68612255,8,8.26814837256223,8.26814837256223,1,"Wertvoll"
107385,686150,229650,686163,229604,3,68612296,16,16.5399849180826,16.5399849180826,2,"Sehr wertvoll"
107420,686250,225650,686200,225648,3,68622256,8,8.26814837256223,8.26814837256223,1,"Wertvoll"
107423,686250,229650,686230,229650,3,68622296,16,16.5399849180826,16.5399849180826,2,"Sehr wertvoll"
107429,686250,229750,686270,229700,3,68622297,18,18.8099773771239,9.40498868856194,2.2,"Sehr wertvoll"
107436,686250,229850,686200,229800,3,68622298,24,24.8099773771239,24.8099773771239,3,"Sehr wertvoll"
107488,686350,225350,686328,225325,3,68632253,8,8.26814837256223,8.26814837256223,1,"Wertvoll"
107657,686850,206250,686888,206241,3,68682062,8,8.27396606250481,8.27396606250481,1,"Wertvoll"
107703,686950,228850,686913,228860,3,68692288,8,8.26999245904129,8.26999245904129,1,"Wertvoll"
107743,687050,228950,687000,228900,3,68702289,16,16.5399849180826,16.5399849180826,2,"Sehr wertvoll"
107836,687250,228150,687254,228151,3,68722281,10,10.2699924590413,10.2699924590413,1,"Sehr wertvoll"
107837,687250,228350,687280,228375,3,68722283,16,16.5399849180826,16.5399849180826,2,"Sehr wertvoll"
107895,687350,228150,687357,228155,3,68732281,26,26.8099773771239,13.4049886885619,3,"Sehr wertvoll"
107900,687350,228250,687300,228200,3,68732282,16,16.5399849180826,16.5399849180826,2,"Sehr wertvoll"
107939,687450,228250,687448,228248,3,68742282,10,10.2699924590413,10.2699924590413,1,"Sehr wertvoll"
107941,687450,228550,687400,228500,3,68742285,16,16.5399849180826,16.5399849180826,2,"Sehr wertvoll"
108320,687950,260850,687952,260845,3,68792608,23,24.1158708285903,8.03862360953009,2.6,"Wertvoll"
109026,689250,194550,689233,194594,3,68921945,6,6.55864285101582,6.55864285101582,0.4,"Wertvoll"
109053,689250,254250,689239,254237,3,68922542,8,8.21723659748541,8.21723659748541,1,"Wertvoll"
109076,689250,277350,689250,277375,3,68922773,26,26.8857571677666,13.4428785838833,3,"Sehr wertvoll"
109298,689750,192050,689706,192084,3,68971920,8,8.34892107832393,8.34892107832393,1,"Sehr wertvoll"
109318,689750,209050,689700,209075,3,68972090,8,8.2620606335257,8.2620606335257,1,"Wertvoll"
109322,689750,209150,689700,209100,3,68972091,8,8.2620606335257,8.2620606335257,1,"Wertvoll"
109351,689850,192150,689824,192132,3,68981921,8,8.34892107832393,8.34892107832393,1,"Sehr wertvoll"
109404,689950,205850,689930,205880,3,68992058,8,8.29926238145416,8.29926238145416,1,"Wertvoll"
109409,689950,207650,689977,207669,3,68992076,8,8.2620606335257,8.2620606335257,1,"Wertvoll"
109424,689950,274750,689948,274747,3,68992747,10,10.267029708554,10.267029708554,1,"Sehr wertvoll"
109425,689950,275150,689954,275150,3,68992751,10,10.267029708554,10.267029708554,1,"Sehr wertvoll"
109449,690050,207650,690000,207694,3,69002076,8,8.2620606335257,8.2620606335257,1,"Wertvoll"
109460,690050,207750,690000,207760,3,69002077,8,8.2620606335257,8.2620606335257,1,"Wertvoll"
109494,690050,274550,690054,274546,3,69002745,10,10.267029708554,10.267029708554,1,"Sehr wertvoll"
109495,690050,274850,690050,274850,3,69002748,10,10.267029708554,10.267029708554,1,"Sehr wertvoll"
109538,690150,274750,690150,274700,3,69012747,8,8.26702970855401,8.26702970855401,1,"Wertvoll"
109539,690150,274950,690153,274946,3,69012749,10,10.267029708554,10.267029708554,1,"Sehr wertvoll"
109564,690250,205850,690260,205895,3,69022058,8,8.29926238145416,8.29926238145416,1,"Wertvoll"
109586,690250,274550,690200,274500,3,69022745,24,24.801089125662,24.801089125662,3,"Sehr wertvoll"
109599,690250,274650,690254,274644,3,69022746,10,10.267029708554,10.267029708554,1,"Sehr wertvoll"
109600,690250,274750,690250,274700,3,69022747,8,8.26702970855401,8.26702970855401,1,"Wertvoll"
109601,690250,274850,690250,274846,3,69022748,10,10.267029708554,10.267029708554,1,"Sehr wertvoll"
109641,690450,205850,690400,205800,3,69042058,8,8.29926238145416,8.29926238145416,1,"Wertvoll"
109720,690750,128850,690738,128843,3,69071288,4,4.53195658758,4.53195658758,0.4,"Wertvoll"
109818,691250,128350,691260,128340,3,69121283,5,5.53195658758,5.53195658758,0.4,"Wertvoll"
109930,691650,127550,691674,127575,3,69161275,10,10.26597829379,10.26597829379,1,"Sehr wertvoll"
109985,691750,206450,691754,206447,3,69172064,8,8.29926238145416,8.29926238145416,1,"Wertvoll"
110345,692450,285550,692402,285574,3,69242855,8,8.28544125551212,8.28544125551212,1,"Wertvoll"
110382,692550,285450,692530,285495,3,69252854,8,8.28544125551212,8.28544125551212,1,"Wertvoll"
110643,693350,290950,693373,290932,3,69332909,32,33.5743213940744,11.1914404646915,4.2,"Sehr wertvoll"
110678,693450,289450,693400,289485,3,69342894,24,24.8563237665364,24.8563237665364,3,"Sehr wertvoll"
110684,693450,290850,693423,290836,3,69342908,17,18.5743213940744,9.2871606970372,1.8,"Sehr wertvoll"
110689,693450,290950,693424,290929,3,69342909,18,19.5743213940744,6.5247737980248,1.8,"Wertvoll"
110705,693550,290750,693594,290796,3,69352907,4,4.62972855762976,4.62972855762976,0.4,"Wertvoll"
110707,693550,290950,693511,290935,3,69352909,6,6.62972855762976,6.62972855762976,0.4,"Wertvoll"
110777,693750,289350,693713,289368,3,69372893,16,16.6297285576298,16.6297285576298,2,"Sehr wertvoll"
110915,694050,281850,694050,281845,3,69402818,10,10.3056034887762,10.3056034887762,1,"Sehr wertvoll"
110916,694050,281950,694010,281993,3,69402819,26,26.9168104663285,13.4584052331643,3,"Sehr wertvoll"
110919,694050,282050,694050,282070,3,69402820,26,26.9168104663285,13.4584052331643,3,"Sehr wertvoll"
110924,694050,282150,694047,282146,3,69402821,10,10.3056034887762,10.3056034887762,1,"Sehr wertvoll"
110951,694150,260350,694150,260330,3,69412603,8,8.25915279626406,8.25915279626406,1,"Wertvoll"
111034,694250,281950,694200,281920,3,69422819,8,8.30560348877617,8.30560348877617,1,"Wertvoll"
111059,694350,282050,694300,282000,3,69432820,8,8.30560348877617,8.30560348877617,1,"Wertvoll"
111331,695350,278650,695352,278652,3,69532786,8,8.30560348877617,8.30560348877617,1,"Wertvoll"
111382,695550,282650,695530,282655,3,69552826,8,8.30560348877617,8.30560348877617,1,"Wertvoll"
111444,695750,243650,695785,243619,3,69572436,8,8.26461653646836,8.26461653646836,1,"Wertvoll"
111460,695850,243550,695810,243590,3,69582435,8,8.26461653646836,8.26461653646836,1,"Wertvoll"
111467,695850,248750,695800,248700,3,69582487,8,8.25044084099363,8.25044084099363,1,"Wertvoll"
111607,696450,253250,696448,253245,3,69642532,4,4.67395315826828,4.67395315826828,0.4,"Wertvoll"
111683,696850,247750,696863,247783,3,69682477,24,24.7513225229809,24.7513225229809,3,"Sehr wertvoll"
111781,697250,282250,697245,282246,3,69722822,10,10.2927520578183,10.2927520578183,1,"Sehr wertvoll"
111799,697350,282450,697386,282478,3,69732824,8,8.29275205781826,8.29275205781826,1,"Wertvoll"
112036,698650,281150,698647,281145,3,69862811,8,8.29275205781826,8.29275205781826,1,"Wertvoll"
112043,698750,281150,698719,281178,3,69872811,8,8.29275205781826,8.29275205781826,1,"Wertvoll"
112132,699450,241150,699446,241121,3,69942411,8,8.26461653646836,8.26461653646836,1,"Wertvoll"
112133,699450,241250,699476,241292,3,69942412,8,8.26461653646836,8.26461653646836,1,"Wertvoll"
112142,699550,241150,699500,241100,3,69952411,24,24.7938496094051,24.7938496094051,3,"Sehr wertvoll"
112190,699850,272050,699850,272049,3,69982720,10,10.3116096306351,10.3116096306351,1,"Sehr wertvoll"
112230,700050,259350,700000,259300,3,70002593,16,16.6571630999838,16.6571630999838,2,"Sehr wertvoll"
112631,701150,278350,701141,278362,3,70112783,19,20.7565123469096,5.18912808672739,2,"Wertvoll"
112847,701450,275150,701480,275110,3,70142751,16,16.5855041156365,16.5855041156365,2,"Sehr wertvoll"
114400,706750,278450,706779,278494,3,70672784,16,16.6127357861232,16.6127357861232,2,"Sehr wertvoll"
114448,707050,146050,707000,146000,3,70701460,7,7.93127901118103,7.93127901118103,0.6,"Wertvoll"
114569,707350,278050,707388,278090,3,70732780,18,18.6127357861232,9.30636789306158,2,"Sehr wertvoll"
114707,707850,272150,707833,272196,3,70782721,16,16.5774317411543,16.5774317411543,2,"Sehr wertvoll"
114736,707950,271950,707950,271900,3,70792719,16,16.5774317411543,16.5774317411543,2,"Sehr wertvoll"
114738,707950,272050,707920,272010,3,70792720,16,16.5774317411543,16.5774317411543,2,"Sehr wertvoll"
114868,708550,233750,708580,233745,3,70852337,8,8.3127026053791,8.3127026053791,1,"Wertvoll"
114994,708950,272450,708900,272400,3,70892724,16,16.5774317411543,16.5774317411543,2,"Sehr wertvoll"
115050,709350,261950,709300,261900,3,70932619,20,21.271619255166,10.635809627583,2.4,"Sehr wertvoll"
115229,709750,263750,709725,263750,3,70972637,16,16.635809627583,16.635809627583,2,"Sehr wertvoll"
115263,709850,262550,709850,262570,3,70982625,16,16.635809627583,16.635809627583,2,"Sehr wertvoll"
115390,710250,228550,710200,228500,3,71022285,8,8.26346470254389,8.26346470254389,1,"Wertvoll"
115608,711350,228350,711360,228316,3,71132283,8,8.26346470254389,8.26346470254389,1,"Wertvoll"
115636,711550,228350,711500,228350,3,71152283,8,8.26346470254389,8.26346470254389,1,"Wertvoll"
115699,711850,228450,711835,228494,3,71182284,8,8.32379049395591,8.32379049395591,1,"Wertvoll"
115748,712150,91150,712157,91106,3,71210911,4,4.55578555323848,4.55578555323848,0.4,"Wertvoll"
115810,712550,260150,712500,260120,3,71252601,8,8.31790481379149,8.31790481379149,1,"Wertvoll"
115845,712750,228150,712720,228140,3,71272281,8,8.32379049395591,8.32379049395591,1,"Wertvoll"
115920,713150,227650,713100,227650,3,71312276,8,8.32379049395591,8.32379049395591,1,"Wertvoll"
115948,713250,230150,713254,230156,3,71322301,8,8.26346470254389,8.26346470254389,1,"Wertvoll"
115956,713350,230150,713318,230190,3,71332301,8,8.26346470254389,8.26346470254389,1,"Wertvoll"
115973,713450,230250,713416,230225,3,71342302,8,8.34076646615112,8.34076646615112,1,"Sehr wertvoll"
116027,713650,230250,713600,230200,3,71362302,8,8.26346470254389,8.26346470254389,1,"Wertvoll"
116058,713750,230250,713750,230276,3,71372302,8,8.26346470254389,8.26346470254389,1,"Wertvoll"
116701,715950,176250,715962,176283,3,71591762,6,6.99452061427223,6.99452061427223,0.6,"Wertvoll"
116704,715950,176350,715953,176359,3,71591763,4,4.53884661550761,4.53884661550761,0.4,"Wertvoll"
117002,717150,82050,717146,82080,3,71710820,12,13.5776097121806,6.78880485609028,1.2,"Wertvoll"
117031,717150,82250,717197,82234,3,71710822,4,4.52586990406019,4.52586990406019,0.4,"Wertvoll"
117171,717250,233450,717259,233415,3,71722334,8,8.32618825153131,8.32618825153131,1,"Wertvoll"
117188,717350,82150,717335,82160,3,71730821,8,9.05173980812038,4.52586990406019,0.8,"Wertvoll"
117238,717350,233350,717324,233342,3,71732333,8,8.32618825153131,8.32618825153131,1,"Wertvoll"
117265,717450,233350,717440,233345,3,71742333,8,8.32618825153131,8.32618825153131,1,"Wertvoll"
117610,718250,137850,718250,137848,3,71821378,10,10.3209798580118,10.3209798580118,1,"Sehr wertvoll"
117773,718750,138450,718793,138464,3,71871384,4,4.64195971602357,4.64195971602357,0.4,"Wertvoll"
117802,718850,138450,718822,138468,3,71881384,5,5.64195971602357,5.64195971602357,0.4,"Wertvoll"
118294,720250,253250,720275,253238,3,72022532,16,16.5874421421282,16.5874421421282,2,"Sehr wertvoll"
118330,720350,231650,720328,231677,3,72032316,8,8.32996210005395,8.32996210005395,1,"Wertvoll"
118337,720350,253350,720354,253344,3,72032533,16,16.5874421421282,16.5874421421282,2,"Sehr wertvoll"
118354,720350,253450,720362,253493,3,72032534,8,8.29372107106408,8.29372107106408,1,"Wertvoll"
118419,720450,253250,720402,253272,3,72042532,8,8.29372107106408,8.29372107106408,1,"Wertvoll"
118519,720850,253750,720800,253750,3,72082537,16,16.5874421421282,16.5874421421282,2,"Sehr wertvoll"
118547,720850,253850,720875,253875,3,72082538,10,10.5874421421282,5.29372107106408,1.2,"Wertvoll"
118587,720950,253650,720900,253600,3,72092536,16,16.5874421421282,16.5874421421282,2,"Sehr wertvoll"
118607,720950,253850,720960,253850,3,72092538,26,26.8811632131922,13.4405816065961,3,"Sehr wertvoll"
118640,721150,80950,721122,80992,3,72110809,6,6.82167405484615,6.82167405484615,0.6,"Wertvoll"
118684,721150,253750,721197,253729,3,72112537,8,8.29372107106408,8.29372107106408,1,"Wertvoll"
118685,721150,254050,721111,254042,3,72112540,16,16.5874421421282,16.5874421421282,2,"Sehr wertvoll"
118728,721250,253950,721200,253900,3,72122539,8,8.29372107106408,8.29372107106408,1,"Wertvoll"
118810,721550,80950,721577,80939,3,72150809,6,6.82167405484615,6.82167405484615,0.6,"Wertvoll"
118895,721650,211050,721635,211087,3,72162110,8,8.30888045194391,8.30888045194391,1,"Wertvoll"
118954,721950,278150,721950,278180,3,72192781,8,8.31080768241078,8.31080768241078,1,"Wertvoll"
118955,721950,278250,721967,278266,3,72192782,18,18.6216153648216,9.31080768241078,2,"Sehr wertvoll"
119344,723350,256750,723358,256750,3,72332567,8,8.29372107106408,8.29372107106408,1,"Wertvoll"
119371,723450,256750,723400,256790,3,72342567,8,8.29372107106408,8.29372107106408,1,"Wertvoll"
119420,723650,248450,723647,248448,3,72362484,8,8.27834117047193,8.27834117047193,1,"Wertvoll"
119433,723750,256450,723748,256450,3,72372564,10,10.2937210710641,10.2937210710641,1,"Sehr wertvoll"
119476,724150,250250,724166,250292,3,72412502,8,8.3328729281768,8.3328729281768,1,"Sehr wertvoll"
119478,724150,251650,724185,251667,3,72412516,16,16.7140799539097,16.7140799539097,2,"Sehr wertvoll"
119635,724450,253250,724450,253235,3,72442532,8,8.35703997695484,8.35703997695484,1,"Sehr wertvoll"
119705,724750,253250,724715,253275,3,72472532,24,25.0711199308645,25.0711199308645,3,"Sehr wertvoll"
119716,724750,253350,724780,253330,3,72472533,16,16.7140799539097,16.7140799539097,2,"Sehr wertvoll"
119831,725350,219850,725370,219815,3,72532198,16,17.5851354064556,8.79256770322779,1.8,"Sehr wertvoll"
119918,725450,219850,725460,219800,3,72542198,8,8.31702708129112,8.31702708129112,1,"Wertvoll"
119994,725650,219950,725677,219906,3,72562199,8,8.31702708129112,8.31702708129112,1,"Wertvoll"
120119,726450,265050,726431,265095,3,72642650,8,8.34935924650212,8.34935924650212,1,"Sehr wertvoll"
120126,726550,265050,726510,265090,3,72652650,16,16.6987184930042,16.6987184930042,2,"Sehr wertvoll"
120192,727450,247850,727490,247830,3,72742478,8,8.3328729281768,8.3328729281768,1,"Sehr wertvoll"
120211,727550,247850,727543,247899,3,72752478,8,8.3328729281768,8.3328729281768,1,"Sehr wertvoll"
120243,727750,247950,727700,247900,3,72772479,8,8.3328729281768,8.3328729281768,1,"Sehr wertvoll"
120280,727950,268450,727905,268419,3,72792684,8,8.34935924650212,8.34935924650212,1,"Sehr wertvoll"
120327,728450,268650,728453,268645,3,72842686,10,10.3493592465021,10.3493592465021,1,"Sehr wertvoll"
120337,728550,268550,728500,268500,3,72852685,16,16.6987184930042,16.6987184930042,2,"Sehr wertvoll"
120342,728550,268850,728501,268820,3,72852688,16,16.6987184930042,16.6987184930042,2,"Sehr wertvoll"
120429,729450,271650,729486,271659,3,72942716,16,16.6216153648216,16.6216153648216,2,"Sehr wertvoll"
120835,733850,252350,733894,252348,3,73382523,8,8.32394251847041,8.32394251847041,1,"Wertvoll"
120849,733950,258550,733970,258587,3,73392585,8,8.33563101875317,8.33563101875317,1,"Sehr wertvoll"
120856,734050,249050,734080,249050,3,73402490,8,8.32457509432107,8.32457509432107,1,"Wertvoll"
120859,734050,249150,734060,249155,3,73402491,8,8.32457509432107,8.32457509432107,1,"Wertvoll"
120932,734150,249050,734152,249047,3,73412490,8,8.32457509432107,8.32457509432107,1,"Wertvoll"
120935,734150,249250,734155,249246,3,73412492,10,10.3245750943211,10.3245750943211,1,"Sehr wertvoll"
120949,734150,252250,734100,252280,3,73412522,8,8.32394251847041,8.32394251847041,1,"Wertvoll"
121097,735050,263150,735087,263188,3,73502631,8,8.34801933117249,8.34801933117249,1,"Sehr wertvoll"
121098,735050,263250,735060,263240,3,73502632,8,8.34801933117249,8.34801933117249,1,"Sehr wertvoll"
121099,735050,263350,735053,263345,3,73502633,10,10.3480193311725,10.3480193311725,1,"Sehr wertvoll"
121117,735150,263250,735138,263292,3,73512632,8,8.34801933117249,8.34801933117249,1,"Sehr wertvoll"
121285,736550,182550,736554,182551,3,73651825,6,6.28605497999795,6.28605497999795,1,"Wertvoll"
121298,736750,182650,736758,182646,3,73671826,6,6.28605497999795,6.28605497999795,1,"Wertvoll"
121363,737150,256950,737125,256991,3,73712569,8,8.33563101875317,8.33563101875317,1,"Sehr wertvoll"
122291,745150,247250,745100,247210,3,74512472,16,16.7138598756015,16.7138598756015,2,"Sehr wertvoll"
122515,747450,257550,747400,257500,3,74742575,11,11.7812079268725,5.89060396343624,1.2,"Wertvoll"
122523,747550,257350,747530,257380,3,74752573,8,8.39060396343624,8.39060396343624,1,"Sehr wertvoll"
122569,748150,215550,748120,215575,3,74812155,8,8.28628487991078,8.28628487991078,1,"Wertvoll"
122571,748150,215650,748140,215625,3,74812156,8,8.28628487991078,8.28628487991078,1,"Wertvoll"
122578,748250,215550,748236,215596,3,74822155,8,8.28628487991078,8.28628487991078,1,"Wertvoll"
122604,748350,215550,748318,215546,3,74832155,8,8.28628487991078,8.28628487991078,1,"Wertvoll"
122617,748450,215550,748431,215598,3,74842155,8,8.28628487991078,8.28628487991078,1,"Wertvoll"
122833,750550,257850,750502,257885,3,75052578,8,8.36682689881608,8.36682689881608,1,"Sehr wertvoll"
122883,750850,258250,750871,258212,3,75082582,8,8.36682689881608,8.36682689881608,1,"Sehr wertvoll"
122913,750950,258550,750920,258505,3,75092585,8,8.36682689881608,8.36682689881608,1,"Sehr wertvoll"
123217,752750,261050,752700,261000,3,75272610,8,8.36682689881608,8.36682689881608,1,"Sehr wertvoll"
123258,752850,261050,752809,261061,3,75282610,8,8.36682689881608,8.36682689881608,1,"Sehr wertvoll"
123305,753150,225050,753173,225006,3,75312250,8,8.31549736729757,8.31549736729757,1,"Wertvoll"
123511,754650,223050,754640,223070,3,75462230,8,8.32686583187749,8.32686583187749,1,"Wertvoll"
123523,754650,223150,754610,223180,3,75462231,8,8.32686583187749,8.32686583187749,1,"Wertvoll"
123684,755450,174350,755417,174358,3,75541743,4,4.5317055039942,4.5317055039942,0.4,"Wertvoll"
123736,755750,211950,755718,211992,3,75572119,10,10.7443047077658,5.3721523538829,1.2,"Wertvoll"
124281,758150,237750,758110,237709,3,75812377,8,8.25946625845017,8.25946625845017,1,"Wertvoll"
124311,758250,237950,758232,237981,3,75822379,8,8.25946625845017,8.25946625845017,1,"Wertvoll"
124520,759650,239550,759620,239560,3,75962395,8,8.34424949237257,8.34424949237257,1,"Sehr wertvoll"
124529,759650,242550,759678,242584,3,75962425,8,8.29598937447506,8.29598937447506,1,"Wertvoll"
124555,759750,242550,759722,242560,3,75972425,8,8.29598937447506,8.29598937447506,1,"Wertvoll"
124641,760150,201250,760164,201232,3,76012012,8,8.29341417941784,8.29341417941784,1,"Wertvoll"
124684,760250,243550,760200,243500,3,76022435,8,8.29598937447506,8.29598937447506,1,"Wertvoll"
124705,760350,202350,760354,202337,3,76032023,10,10.2934141794178,10.2934141794178,1,"Sehr wertvoll"
124706,760350,202550,760354,202546,3,76032025,10,10.2934141794178,10.2934141794178,1,"Sehr wertvoll"
124719,760350,243750,760305,243702,3,76032437,8,8.29598937447506,8.29598937447506,1,"Wertvoll"
124746,760550,243650,760552,243644,3,76052436,8,8.29598937447506,8.29598937447506,1,"Wertvoll"
124799,760750,206350,760788,206348,3,76072063,8,8.34926705610812,8.34926705610812,1,"Sehr wertvoll"
125480,764550,252450,764544,252471,3,76452524,12,12.9255803186794,6.4627901593397,1.4,"Wertvoll"
125503,764650,252550,764600,252530,3,76462525,8,8.30852677289314,8.30852677289314,1,"Wertvoll"
125508,764750,252450,764780,252491,3,76472524,8,8.30852677289314,8.30852677289314,1,"Wertvoll"
127309,791350,148750,791352,148745,3,79131487,10,10.2645066813106,10.2645066813106,1,"Sehr wertvoll"
128062,803850,175450,803893,175446,3,80381754,14,15.2771532804447,15.2771532804447,1.2,"Sehr wertvoll"
128085,803950,175450,803917,175433,3,80391754,4,4.42571776014824,4.42571776014824,0.4,"Wertvoll"
128109,804050,175350,804086,175340,3,80401753,4,4.42571776014824,4.42571776014824,0.4,"Wertvoll"
128125,804150,175350,804150,175300,3,80411753,6,6.63857664022236,6.63857664022236,0.6,"Wertvoll"
128161,804450,175250,804406,175287,3,80441752,6,6.63857664022236,6.63857664022236,0.6,"Wertvoll"
129730,822750,188850,822749,188878,3,82271888,11,12.1070641231199,12.1070641231199,1,"Sehr wertvoll"
129747,822850,188850,822875,188875,3,82281888,7,7.66423847387192,7.66423847387192,0.6,"Wertvoll"
129764,822850,188950,822817,188923,3,82281889,10,10.8856512984959,10.8856512984959,0.8,"Sehr wertvoll"
